date,commodity,contract,settlement_eur
2013-12-08,gas,CAL14,26.7
2013-12-09,gas,CAL14,26.75
2013-12-10,gas,CAL14,26.38
2013-12-11,gas,CAL14,26.33
2013-12-12,gas,CAL14,26.3
2013-12-15,gas,CAL14,26.35
2013-12-16,gas,CAL14,26.47
2013-12-17,gas,CAL14,26.5
2013-12-18,gas,CAL14,26.55
2013-12-19,gas,CAL14,26.55
2013-12-22,gas,CAL14,26.5
2013-12-26,gas,CAL14,26.65
2013-12-29,gas,CAL14,26.75
2013-12-30,gas,CAL14,26.65
2014-01-01,gas,CAL15,26.75
2014-01-02,gas,CAL15,26.65
2014-01-05,gas,CAL15,26.5
2014-01-06,gas,CAL15,26.4
2014-01-07,gas,CAL15,26.45
2014-01-08,gas,CAL15,26.5
2014-01-09,gas,CAL15,26.3
2014-01-12,gas,CAL15,26.08
2014-01-13,gas,CAL15,26.0
2014-01-14,gas,CAL15,26.05
2014-01-15,gas,CAL15,26.55
2014-01-16,gas,CAL15,26.6
2014-01-19,gas,CAL15,26.4
2014-01-20,gas,CAL15,26.5
2014-01-21,gas,CAL15,26.5
2014-01-22,gas,CAL15,26.45
2014-01-23,gas,CAL15,26.3
2014-01-26,gas,CAL15,26.25
2014-01-27,gas,CAL15,26.15
2014-01-28,gas,CAL15,26.1
2014-01-29,gas,CAL15,26.05
2014-01-30,gas,CAL15,26.0
2014-02-02,gas,CAL15,25.85
2014-02-03,gas,CAL15,25.9
2014-02-04,gas,CAL15,25.5
2014-02-05,gas,CAL15,25.75
2014-02-06,gas,CAL15,25.7
2014-02-09,gas,CAL15,25.9
2014-02-10,gas,CAL15,26.15
2014-02-11,gas,CAL15,26.2
2014-02-12,gas,CAL15,26.25
2014-02-13,gas,CAL15,25.85
2014-02-16,gas,CAL15,25.9
2014-02-17,gas,CAL15,25.9
2014-02-18,gas,CAL15,25.85
2014-02-19,gas,CAL15,25.75
2014-02-20,gas,CAL15,25.75
2014-02-23,gas,CAL15,25.45
2014-02-24,gas,CAL15,25.55
2014-02-25,gas,CAL15,25.25
2014-02-26,gas,CAL15,25.75
2014-02-27,gas,CAL15,25.6
2014-03-02,gas,CAL15,26.15
2014-03-03,gas,CAL15,25.9
2014-03-04,gas,CAL15,25.6
2014-03-05,gas,CAL15,25.85
2014-03-06,gas,CAL15,25.65
2014-03-09,gas,CAL15,25.5
2014-03-10,gas,CAL15,25.3
2014-03-11,gas,CAL15,25.15
2014-03-12,gas,CAL15,25.25
2014-03-13,gas,CAL15,25.4
2014-03-16,gas,CAL15,25.3
2014-03-17,gas,CAL15,25.2
2014-03-18,gas,CAL15,25.05
2014-03-19,gas,CAL15,25.05
2014-03-20,gas,CAL15,25.2
2014-03-23,gas,CAL15,25.05
2014-03-24,gas,CAL15,24.85
2014-03-25,gas,CAL15,24.9
2014-03-26,gas,CAL15,24.9
2014-03-27,gas,CAL15,24.95
2014-03-30,gas,CAL15,24.55
2014-03-31,gas,CAL15,24.5
2014-04-01,gas,CAL15,23.7
2014-04-02,gas,CAL15,23.8
2014-04-03,gas,CAL15,23.85
2014-04-06,gas,CAL15,24.55
2014-04-07,gas,CAL15,24.7
2014-04-08,gas,CAL15,24.75
2014-04-09,gas,CAL15,24.45
2014-04-10,gas,CAL15,24.95
2014-04-13,gas,CAL15,25.5
2014-04-14,gas,CAL15,25.2
2014-04-15,gas,CAL15,25.5
2014-04-16,gas,CAL15,25.25
2014-04-21,gas,CAL15,24.8
2014-04-22,gas,CAL15,24.7
2014-04-23,gas,CAL15,24.85
2014-04-24,gas,CAL15,25.4
2014-04-27,gas,CAL15,25.35
2014-04-28,gas,CAL15,24.95
2014-04-29,gas,CAL15,24.75
2014-05-01,gas,CAL15,25.2
2014-05-04,gas,CAL15,25.2
2014-05-05,gas,CAL15,25.1
2014-05-06,gas,CAL15,24.6
2014-05-08,gas,CAL15,24.7
2014-05-11,gas,CAL15,24.9
2014-05-12,gas,CAL15,25.05
2014-05-13,gas,CAL15,24.95
2014-05-14,gas,CAL15,24.85
2014-05-15,gas,CAL15,24.8
2014-05-18,gas,CAL15,24.75
2014-05-19,gas,CAL15,24.95
2014-05-20,gas,CAL15,25.2
2014-05-21,gas,CAL15,25.15
2014-05-22,gas,CAL15,25.15
2014-05-25,gas,CAL15,25.15
2014-05-26,gas,CAL15,24.9
2014-05-27,gas,CAL15,24.95
2014-05-28,gas,CAL15,24.85
2014-05-29,gas,CAL15,24.8
2014-06-01,gas,CAL15,24.75
2014-06-02,gas,CAL15,24.55
2014-06-03,gas,CAL15,24.5
2014-06-04,gas,CAL15,24.5
2014-06-05,gas,CAL15,24.4
2014-06-08,gas,CAL15,24.4
2014-06-09,gas,CAL15,24.35
2014-06-10,gas,CAL15,24.4
2014-06-11,gas,CAL15,24.6
2014-06-12,gas,CAL15,24.85
2014-06-15,gas,CAL15,25.3
2014-06-16,gas,CAL15,24.7
2014-06-17,gas,CAL15,24.8
2014-06-18,gas,CAL15,24.9
2014-06-19,gas,CAL15,24.93
2014-06-22,gas,CAL15,24.85
2014-06-23,gas,CAL15,24.55
2014-06-24,gas,CAL15,24.5
2014-06-25,gas,CAL15,24.2
2014-06-26,gas,CAL15,24.3
2014-06-29,gas,CAL15,24.2
2014-06-30,gas,CAL15,24.1
2014-07-01,gas,CAL15,24.0
2014-07-02,gas,CAL15,23.9
2014-07-03,gas,CAL15,23.85
2014-07-06,gas,CAL15,23.85
2014-07-07,gas,CAL15,23.9
2014-07-08,gas,CAL15,23.8
2014-07-09,gas,CAL15,23.65
2014-07-10,gas,CAL15,23.75
2014-07-13,gas,CAL15,23.95
2014-07-14,gas,CAL15,24.0
2014-07-15,gas,CAL15,24.5
2014-07-16,gas,CAL15,24.8
2014-07-17,gas,CAL15,25.0
2014-07-20,gas,CAL15,24.7
2014-07-21,gas,CAL15,24.6
2014-07-22,gas,CAL15,24.7
2014-07-23,gas,CAL15,24.95
2014-07-24,gas,CAL15,25.25
2014-07-27,gas,CAL15,25.2
2014-07-28,gas,CAL15,25.1
2014-07-29,gas,CAL15,24.9
2014-07-30,gas,CAL15,25.0
2014-07-31,gas,CAL15,24.75
2014-08-03,gas,CAL15,24.55
2014-08-04,gas,CAL15,24.6
2014-08-05,gas,CAL15,25.15
2014-08-06,gas,CAL15,25.45
2014-08-07,gas,CAL15,25.5
2014-08-10,gas,CAL15,25.3
2014-08-11,gas,CAL15,25.25
2014-08-12,gas,CAL15,25.2
2014-08-13,gas,CAL15,25.4
2014-08-14,gas,CAL15,25.45
2014-08-17,gas,CAL15,25.3
2014-08-18,gas,CAL15,24.95
2014-08-19,gas,CAL15,24.75
2014-08-20,gas,CAL15,24.65
2014-08-21,gas,CAL15,24.75
2014-08-24,gas,CAL15,24.75
2014-08-25,gas,CAL15,24.8
2014-08-26,gas,CAL15,24.5
2014-08-27,gas,CAL15,24.95
2014-08-28,gas,CAL15,25.0
2014-08-31,gas,CAL15,25.35
2014-09-01,gas,CAL15,25.1
2014-09-02,gas,CAL15,24.8
2014-09-03,gas,CAL15,25.1
2014-09-04,gas,CAL15,25.1
2014-09-07,gas,CAL15,25.07
2014-09-08,gas,CAL15,24.9
2014-09-09,gas,CAL15,24.75
2014-09-10,gas,CAL15,25.13
2014-09-11,gas,CAL15,25.23
2014-09-14,gas,CAL15,25.36
2014-09-15,gas,CAL15,25.28
2014-09-16,gas,CAL15,25.24
2014-09-17,gas,CAL15,25.41
2014-09-18,gas,CAL15,25.44
2014-09-21,gas,CAL15,25.23
2014-09-22,gas,CAL15,24.93
2014-09-23,gas,CAL15,25.01
2014-09-24,gas,CAL15,25.19
2014-09-25,gas,CAL15,24.85
2014-09-28,gas,CAL15,24.8
2014-09-29,gas,CAL15,25.05
2014-09-30,gas,CAL15,25.1
2014-10-01,gas,CAL15,24.87
2014-10-02,gas,CAL15,24.67
2014-10-05,gas,CAL15,24.65
2014-10-06,gas,CAL15,24.55
2014-10-07,gas,CAL15,24.6
2014-10-08,gas,CAL15,24.63
2014-10-09,gas,CAL15,24.5
2014-10-12,gas,CAL15,24.24
2014-10-13,gas,CAL15,24.18
2014-10-14,gas,CAL15,23.89
2014-10-15,gas,CAL15,24.12
2014-10-16,gas,CAL15,24.17
2014-10-19,gas,CAL15,24.0
2014-10-20,gas,CAL15,24.0
2014-10-21,gas,CAL15,24.09
2014-10-22,gas,CAL15,24.02
2014-10-23,gas,CAL15,24.04
2014-10-26,gas,CAL15,23.97
2014-10-28,gas,CAL15,24.5
2014-10-29,gas,CAL15,24.2
2014-10-30,gas,CAL15,23.75
2014-11-02,gas,CAL15,24.03
2014-11-03,gas,CAL15,23.75
2014-11-04,gas,CAL15,23.64
2014-11-05,gas,CAL15,23.99
2014-11-06,gas,CAL15,24.1
2014-11-09,gas,CAL15,24.18
2014-11-10,gas,CAL15,23.96
2014-11-11,gas,CAL15,23.87
2014-11-12,gas,CAL15,23.6
2014-11-13,gas,CAL15,23.25
2014-11-17,gas,CAL15,23.6
2014-11-18,gas,CAL15,23.6
2014-11-19,gas,CAL15,23.61
2014-11-20,gas,CAL15,24.12
2014-11-23,gas,CAL15,24.27
2014-11-24,gas,CAL15,24.62
2014-11-25,gas,CAL15,24.61
2014-11-26,gas,CAL15,24.63
2014-11-27,gas,CAL15,24.5
2014-11-30,gas,CAL15,24.3
2014-12-01,gas,CAL15,24.0
2014-12-02,gas,CAL15,24.1
2014-12-03,gas,CAL15,23.9
2014-12-04,gas,CAL15,23.9
2014-12-07,gas,CAL15,23.8
2014-12-08,gas,CAL15,23.78
2014-12-09,gas,CAL15,23.89
2014-12-10,gas,CAL15,23.48
2014-12-11,gas,CAL15,23.42
2014-12-14,gas,CAL15,23.17
2014-12-15,gas,CAL15,23.04
2014-12-16,gas,CAL15,23.08
2014-12-17,gas,CAL15,23.17
2014-12-18,gas,CAL15,23.04
2014-12-21,gas,CAL15,22.61
2014-12-22,gas,CAL15,22.58
2014-12-28,gas,CAL15,22.3
2014-12-29,gas,CAL15,22.0
2014-12-30,gas,CAL15,21.9
2015-01-01,gas,CAL16,21.4
2015-01-04,gas,CAL16,21.2
2015-01-05,gas,CAL16,20.97
2015-01-06,gas,CAL16,20.83
2015-01-07,gas,CAL16,20.97
2015-01-08,gas,CAL16,20.83
2015-01-11,gas,CAL16,20.91
2015-01-12,gas,CAL16,20.98
2015-01-13,gas,CAL16,21.09
2015-01-14,gas,CAL16,20.93
2015-01-15,gas,CAL16,20.7
2015-01-18,gas,CAL16,20.48
2015-01-19,gas,CAL16,20.48
2015-01-20,gas,CAL16,20.64
2015-01-21,gas,CAL16,20.73
2015-01-22,gas,CAL16,20.76
2015-01-25,gas,CAL16,20.7
2015-01-26,gas,CAL16,20.88
2015-01-27,gas,CAL16,20.91
2015-01-28,gas,CAL16,21.3
2015-01-29,gas,CAL16,20.98
2015-02-01,gas,CAL16,21.21
2015-02-02,gas,CAL16,21.4
2015-02-03,gas,CAL16,21.63
2015-02-04,gas,CAL16,22.13
2015-02-05,gas,CAL16,22.22
2015-02-08,gas,CAL16,22.4
2015-02-09,gas,CAL16,22.77
2015-02-10,gas,CAL16,22.78
2015-02-11,gas,CAL16,23.66
2015-02-12,gas,CAL16,23.62
2015-02-15,gas,CAL16,23.43
2015-02-16,gas,CAL16,23.22
2015-02-17,gas,CAL16,23.39
2015-02-18,gas,CAL16,22.68
2015-02-19,gas,CAL16,22.83
2015-02-22,gas,CAL16,22.5
2015-02-23,gas,CAL16,22.78
2015-02-24,gas,CAL16,23.13
2015-02-25,gas,CAL16,23.53
2015-02-26,gas,CAL16,23.3
2015-03-01,gas,CAL16,22.94
2015-03-02,gas,CAL16,22.71
2015-03-03,gas,CAL16,22.84
2015-03-04,gas,CAL16,22.55
2015-03-05,gas,CAL16,22.11
2015-03-08,gas,CAL16,22.2
2015-03-09,gas,CAL16,22.21
2015-03-10,gas,CAL16,22.45
2015-03-11,gas,CAL16,22.39
2015-03-12,gas,CAL16,22.18
2015-03-15,gas,CAL16,22.01
2015-03-16,gas,CAL16,21.76
2015-03-17,gas,CAL16,21.94
2015-03-18,gas,CAL16,21.94
2015-03-19,gas,CAL16,21.9
2015-03-22,gas,CAL16,21.82
2015-03-23,gas,CAL16,21.84
2015-03-24,gas,CAL16,21.72
2015-03-25,gas,CAL16,22.17
2015-03-26,gas,CAL16,22.57
2015-03-29,gas,CAL16,22.25
2015-03-30,gas,CAL16,22.15
2015-03-31,gas,CAL16,22.13
2015-04-01,gas,CAL16,22.2
2015-04-06,gas,CAL16,21.94
2015-04-07,gas,CAL16,22.17
2015-04-08,gas,CAL16,22.25
2015-04-09,gas,CAL16,22.25
2015-04-12,gas,CAL16,22.37
2015-04-13,gas,CAL16,22.3
2015-04-14,gas,CAL16,22.39
2015-04-15,gas,CAL16,22.43
2015-04-16,gas,CAL16,22.31
2015-04-19,gas,CAL16,22.13
2015-04-20,gas,CAL16,22.3
2015-04-21,gas,CAL16,22.24
2015-04-22,gas,CAL16,22.18
2015-04-23,gas,CAL16,22.18
2015-04-26,gas,CAL16,22.16
2015-04-27,gas,CAL16,22.09
2015-04-28,gas,CAL16,22.02
2015-04-29,gas,CAL16,21.9
2015-05-03,gas,CAL16,21.66
2015-05-04,gas,CAL16,21.95
2015-05-05,gas,CAL16,21.95
2015-05-06,gas,CAL16,21.85
2015-05-10,gas,CAL16,22.3
2015-05-11,gas,CAL16,22.25
2015-05-12,gas,CAL16,22.25
2015-05-13,gas,CAL16,22.1
2015-05-14,gas,CAL16,22.08
2015-05-17,gas,CAL16,21.9
2015-05-18,gas,CAL16,21.9
2015-05-19,gas,CAL16,22.03
2015-05-20,gas,CAL16,21.95
2015-05-21,gas,CAL16,22.03
2015-05-24,gas,CAL16,22.03
2015-05-25,gas,CAL16,22.0
2015-05-26,gas,CAL16,22.03
2015-05-27,gas,CAL16,22.03
2015-05-28,gas,CAL16,21.95
2015-05-31,gas,CAL16,21.85
2015-06-01,gas,CAL16,21.85
2015-06-02,gas,CAL16,21.8
2015-06-03,gas,CAL16,21.7
2015-06-04,gas,CAL16,21.7
2015-06-07,gas,CAL16,21.9
2015-06-08,gas,CAL16,21.8
2015-06-09,gas,CAL16,21.95
2015-06-10,gas,CAL16,21.8
2015-06-11,gas,CAL16,21.75
2015-06-14,gas,CAL16,21.7
2015-06-15,gas,CAL16,21.8
2015-06-16,gas,CAL16,21.8
2015-06-17,gas,CAL16,21.8
2015-06-18,gas,CAL16,21.9
2015-06-21,gas,CAL16,22.2
2015-06-22,gas,CAL16,22.15
2015-06-23,gas,CAL16,22.1
2015-06-24,gas,CAL16,21.95
2015-06-25,gas,CAL16,22.0
2015-06-28,gas,CAL16,21.95
2015-06-29,gas,CAL16,22.0
2015-06-30,gas,CAL16,22.1
2015-07-01,gas,CAL16,22.1
2015-07-02,gas,CAL16,22.1
2015-07-06,gas,CAL16,21.75
2015-07-07,gas,CAL16,21.55
2015-07-08,gas,CAL16,21.68
2015-07-09,gas,CAL16,21.7
2015-07-12,gas,CAL16,21.7
2015-07-13,gas,CAL16,21.65
2015-07-14,gas,CAL16,21.68
2015-07-15,gas,CAL16,21.8
2015-07-16,gas,CAL16,21.7
2015-07-19,gas,CAL16,21.6
2015-07-20,gas,CAL16,21.48
2015-07-21,gas,CAL16,21.38
2015-07-22,gas,CAL16,21.3
2015-07-23,gas,CAL16,21.3
2015-07-26,gas,CAL16,21.18
2015-07-27,gas,CAL16,21.2
2015-07-28,gas,CAL16,21.2
2015-07-29,gas,CAL16,21.35
2015-07-30,gas,CAL16,21.125
2015-08-02,gas,CAL16,20.85
2015-08-03,gas,CAL16,20.8
2015-08-04,gas,CAL16,20.7
2015-08-05,gas,CAL16,20.75
2015-08-06,gas,CAL16,20.65
2015-08-09,gas,CAL16,20.6
2015-08-10,gas,CAL16,20.675
2015-08-11,gas,CAL16,20.5
2015-08-12,gas,CAL16,20.475
2015-08-13,gas,CAL16,20.45
2015-08-16,gas,CAL16,20.4
2015-08-17,gas,CAL16,20.425
2015-08-18,gas,CAL16,20.425
2015-08-19,gas,CAL16,20.125
2015-08-20,gas,CAL16,20.025
2015-08-23,gas,CAL16,19.45
2015-08-24,gas,CAL16,19.725
2015-08-25,gas,CAL16,19.6
2015-08-26,gas,CAL16,19.725
2015-08-27,gas,CAL16,19.8
2015-08-30,gas,CAL16,19.8
2015-08-31,gas,CAL16,20.05
2015-09-01,gas,CAL16,20.1
2015-09-02,gas,CAL16,20.25
2015-09-03,gas,CAL16,20.125
2015-09-06,gas,CAL16,20.0
2015-09-07,gas,CAL16,19.95
2015-09-08,gas,CAL16,20.025
2015-09-09,gas,CAL16,20.05
2015-09-10,gas,CAL16,20.05
2015-09-13,gas,CAL16,19.825
2015-09-14,gas,CAL16,19.675
2015-09-15,gas,CAL16,19.825
2015-09-16,gas,CAL16,19.775
2015-09-17,gas,CAL16,19.575
2015-09-20,gas,CAL16,19.5
2015-09-21,gas,CAL16,19.575
2015-09-22,gas,CAL16,19.475
2015-09-23,gas,CAL16,19.25
2015-09-24,gas,CAL16,19.35
2015-09-28,gas,CAL16,19.1
2015-09-29,gas,CAL16,19.05
2015-09-30,gas,CAL16,19.0
2015-10-01,gas,CAL16,18.65
2015-10-04,gas,CAL16,18.85
2015-10-05,gas,CAL16,19.25
2015-10-06,gas,CAL16,19.275
2015-10-07,gas,CAL16,19.3
2015-10-08,gas,CAL16,19.2
2015-10-11,gas,CAL16,19.05
2015-10-12,gas,CAL16,18.75
2015-10-13,gas,CAL16,18.65
2015-10-14,gas,CAL16,18.725
2015-10-15,gas,CAL16,18.75
2015-10-18,gas,CAL16,18.9
2015-10-19,gas,CAL16,18.6
2015-10-20,gas,CAL16,18.45
2015-10-21,gas,CAL16,18.5
2015-10-22,gas,CAL16,18.65
2015-10-25,gas,CAL16,18.45
2015-10-26,gas,CAL16,18.425
2015-10-28,gas,CAL16,18.5
2015-10-29,gas,CAL16,18.325
2015-11-01,gas,CAL16,18.175
2015-11-02,gas,CAL16,18.15
2015-11-03,gas,CAL16,18.35
2015-11-04,gas,CAL16,18.1
2015-11-05,gas,CAL16,18.0
2015-11-08,gas,CAL16,17.6
2015-11-09,gas,CAL16,17.6
2015-11-10,gas,CAL16,17.375
2015-11-11,gas,CAL16,17.25
2015-11-12,gas,CAL16,17.55
2015-11-15,gas,CAL16,17.65
2015-11-17,gas,CAL16,17.9
2015-11-18,gas,CAL16,17.95
2015-11-19,gas,CAL16,17.85
2015-11-22,gas,CAL16,17.7
2015-11-23,gas,CAL16,18.0
2015-11-24,gas,CAL16,18.1
2015-11-25,gas,CAL16,18.175
2015-11-26,gas,CAL16,18.1
2015-11-29,gas,CAL16,18.225
2015-11-30,gas,CAL16,18.575
2015-12-01,gas,CAL16,18.25
2015-12-02,gas,CAL16,17.875
2015-12-03,gas,CAL16,17.825
2015-12-06,gas,CAL16,17.45
2015-12-07,gas,CAL16,17.275
2015-12-08,gas,CAL16,17.25
2015-12-09,gas,CAL16,17.25
2015-12-10,gas,CAL16,17.075
2015-12-13,gas,CAL16,16.775
2015-12-14,gas,CAL16,16.95
2015-12-15,gas,CAL16,16.675
2015-12-16,gas,CAL16,16.55
2015-12-17,gas,CAL16,16.4
2015-12-20,gas,CAL16,16.2
2015-12-21,gas,CAL16,16.2
2015-12-22,gas,CAL16,16.05
2015-12-27,gas,CAL16,16.1
2015-12-28,gas,CAL16,16.45
2015-12-29,gas,CAL16,16.25
2015-12-30,gas,CAL16,16.075
2016-01-03,gas,CAL17,15.975
2016-01-04,gas,CAL17,15.95
2016-01-05,gas,CAL17,15.9
2016-01-06,gas,CAL17,15.9
2016-01-07,gas,CAL17,15.45
2016-01-10,gas,CAL17,15.45
2016-01-11,gas,CAL17,14.925
2016-01-12,gas,CAL17,14.9
2016-01-13,gas,CAL17,14.575
2016-01-14,gas,CAL17,14.2
2016-01-17,gas,CAL17,14.05
2016-01-18,gas,CAL17,14.1
2016-01-19,gas,CAL17,13.675
2016-01-20,gas,CAL17,13.675
2016-01-21,gas,CAL17,14.75
2016-01-24,gas,CAL17,14.475
2016-01-25,gas,CAL17,14.675
2016-01-26,gas,CAL17,14.9
2016-01-27,gas,CAL17,15.5
2016-01-28,gas,CAL17,15.575
2016-01-31,gas,CAL17,15.15
2016-02-01,gas,CAL17,14.825
2016-02-02,gas,CAL17,14.95
2016-02-03,gas,CAL17,14.8
2016-02-04,gas,CAL17,14.575
2016-02-07,gas,CAL17,14.3
2016-02-08,gas,CAL17,14.3
2016-02-09,gas,CAL17,14.05
2016-02-10,gas,CAL17,13.9
2016-02-11,gas,CAL17,14.25
2016-02-14,gas,CAL17,14.4
2016-02-15,gas,CAL17,14.1
2016-02-16,gas,CAL17,14.15
2016-02-17,gas,CAL17,14.475
2016-02-18,gas,CAL17,14.15
2016-02-21,gas,CAL17,14.5
2016-02-22,gas,CAL17,14.35
2016-02-23,gas,CAL17,14.1
2016-02-24,gas,CAL17,13.975
2016-02-25,gas,CAL17,14.25
2016-02-28,gas,CAL17,14.15
2016-02-29,gas,CAL17,14.175
2016-03-01,gas,CAL17,14.225
2016-03-02,gas,CAL17,14.05
2016-03-03,gas,CAL17,14.05
2016-03-06,gas,CAL17,14.15
2016-03-07,gas,CAL17,14.2
2016-03-08,gas,CAL17,14.25
2016-03-09,gas,CAL17,14.125
2016-03-10,gas,CAL17,14.15
2016-03-13,gas,CAL17,14.0
2016-03-14,gas,CAL17,13.925
2016-03-15,gas,CAL17,13.975
2016-03-16,gas,CAL17,14.0
2016-03-17,gas,CAL17,14.175
2016-03-20,gas,CAL17,13.95
2016-03-21,gas,CAL17,13.975
2016-03-22,gas,CAL17,13.975
2016-03-23,gas,CAL17,13.925
2016-03-28,gas,CAL17,13.9
2016-03-29,gas,CAL17,13.925
2016-03-30,gas,CAL17,13.85
2016-03-31,gas,CAL17,13.7
2016-04-03,gas,CAL17,13.55
2016-04-04,gas,CAL17,13.45
2016-04-05,gas,CAL17,13.5
2016-04-06,gas,CAL17,13.4
2016-04-07,gas,CAL17,13.5
2016-04-10,gas,CAL17,13.65
2016-04-11,gas,CAL17,13.675
2016-04-12,gas,CAL17,13.725
2016-04-13,gas,CAL17,13.65
2016-04-14,gas,CAL17,13.575
2016-04-17,gas,CAL17,13.55
2016-04-18,gas,CAL17,13.85
2016-04-19,gas,CAL17,14.0
2016-04-20,gas,CAL17,14.7
2016-04-21,gas,CAL17,15.275
2016-04-24,gas,CAL17,15.325
2016-04-25,gas,CAL17,16.0
2016-04-26,gas,CAL17,16.375
2016-04-27,gas,CAL17,15.1
2016-04-28,gas,CAL17,15.325
2016-05-01,gas,CAL17,14.6
2016-05-02,gas,CAL17,14.625
2016-05-03,gas,CAL17,14.95
2016-05-04,gas,CAL17,15.45
2016-05-05,gas,CAL17,15.25
2016-05-08,gas,CAL17,15.475
2016-05-09,gas,CAL17,15.125
2016-05-10,gas,CAL17,15.225
2016-05-11,gas,CAL17,15.325
2016-05-12,gas,CAL17,15.3
2016-05-15,gas,CAL17,15.425
2016-05-16,gas,CAL17,15.5
2016-05-17,gas,CAL17,15.525
2016-05-18,gas,CAL17,15.25
2016-05-19,gas,CAL17,15.3
2016-05-22,gas,CAL17,15.1
2016-05-23,gas,CAL17,15.075
2016-05-24,gas,CAL17,15.5
2016-05-25,gas,CAL17,15.6
2016-05-26,gas,CAL17,15.725
2016-05-29,gas,CAL17,15.675
2016-05-30,gas,CAL17,16.025
2016-05-31,gas,CAL17,15.675
2016-06-01,gas,CAL17,16.075
2016-06-02,gas,CAL17,16.15
2016-06-05,gas,CAL17,16.5
2016-06-06,gas,CAL17,16.925
2016-06-07,gas,CAL17,16.925
2016-06-08,gas,CAL17,16.5
2016-06-09,gas,CAL17,16.225
2016-06-12,gas,CAL17,16.075
2016-06-13,gas,CAL17,16.225
2016-06-14,gas,CAL17,16.35
2016-06-15,gas,CAL17,16.375
2016-06-16,gas,CAL17,16.725
2016-06-19,gas,CAL17,17.3
2016-06-20,gas,CAL17,17.25
2016-06-21,gas,CAL17,17.65
2016-06-22,gas,CAL17,17.6
2016-06-23,gas,CAL17,17.275
2016-06-26,gas,CAL17,16.675
2016-06-27,gas,CAL17,16.675
2016-06-28,gas,CAL17,16.95
2016-06-29,gas,CAL17,16.7
2016-06-30,gas,CAL17,16.95
2016-07-03,gas,CAL17,17.3
2016-07-06,gas,CAL17,17.21
2016-07-07,gas,CAL17,16.875
2016-07-10,gas,CAL17,16.725
2016-07-11,gas,CAL17,16.95
2016-07-12,gas,CAL17,16.975
2016-07-13,gas,CAL17,16.875
2016-07-14,gas,CAL17,16.9
2016-07-17,gas,CAL17,17.175
2016-07-18,gas,CAL17,17.1
2016-07-19,gas,CAL17,17.125
2016-07-20,gas,CAL17,17.375
2016-07-21,gas,CAL17,17.2
2016-07-24,gas,CAL17,17.15
2016-07-25,gas,CAL17,17.0
2016-07-26,gas,CAL17,17.075
2016-07-27,gas,CAL17,16.925
2016-07-28,gas,CAL17,16.75
2016-07-31,gas,CAL17,16.375
2016-08-01,gas,CAL17,16.325
2016-08-02,gas,CAL17,16.175
2016-08-03,gas,CAL17,16.1
2016-08-04,gas,CAL17,16.0
2016-08-07,gas,CAL17,16.05
2016-08-08,gas,CAL17,16.025
2016-08-09,gas,CAL17,16.1
2016-08-10,gas,CAL17,15.9
2016-08-11,gas,CAL17,15.925
2016-08-14,gas,CAL17,15.75
2016-08-15,gas,CAL17,15.95
2016-08-16,gas,CAL17,16.05
2016-08-17,gas,CAL17,16.15
2016-08-18,gas,CAL17,15.9
2016-08-21,gas,CAL17,15.575
2016-08-22,gas,CAL17,15.625
2016-08-23,gas,CAL17,15.625
2016-08-24,gas,CAL17,15.55
2016-08-25,gas,CAL17,15.7
2016-08-28,gas,CAL17,15.7
2016-08-29,gas,CAL17,15.7
2016-08-30,gas,CAL17,15.55
2016-08-31,gas,CAL17,15.35
2016-09-01,gas,CAL17,15.425
2016-09-04,gas,CAL17,15.35
2016-09-05,gas,CAL17,15.275
2016-09-06,gas,CAL17,15.1
2016-09-07,gas,CAL17,15.075
2016-09-08,gas,CAL17,15.0
2016-09-11,gas,CAL17,14.925
2016-09-12,gas,CAL17,15.0
2016-09-13,gas,CAL17,14.9
2016-09-14,gas,CAL17,15.1
2016-09-15,gas,CAL17,15.225
2016-09-18,gas,CAL17,15.4
2016-09-19,gas,CAL17,15.25
2016-09-20,gas,CAL17,15.55
2016-09-21,gas,CAL17,15.775
2016-09-22,gas,CAL17,16.0
2016-09-25,gas,CAL17,15.9
2016-09-26,gas,CAL17,15.475
2016-09-28,gas,CAL17,15.95
2016-09-29,gas,CAL17,15.825
2016-10-02,gas,CAL17,15.95
2016-10-03,gas,CAL17,16.1
2016-10-04,gas,CAL17,16.5
2016-10-05,gas,CAL17,16.825
2016-10-06,gas,CAL17,16.4
2016-10-09,gas,CAL17,16.35
2016-10-10,gas,CAL17,15.975
2016-10-11,gas,CAL17,16.05
2016-10-12,gas,CAL17,16.2
2016-10-13,gas,CAL17,16.5
2016-10-16,gas,CAL17,16.65
2016-10-17,gas,CAL17,16.875
2016-10-18,gas,CAL17,16.825
2016-10-19,gas,CAL17,16.95
2016-10-20,gas,CAL17,16.85
2016-10-23,gas,CAL17,17.125
2016-10-24,gas,CAL17,17.3
2016-10-25,gas,CAL17,17.15
2016-10-26,gas,CAL17,17.275
2016-10-30,gas,CAL17,17.35
2016-10-31,gas,CAL17,17.675
2016-11-01,gas,CAL17,17.925
2016-11-02,gas,CAL17,17.975
2016-11-03,gas,CAL17,17.575
2016-11-06,gas,CAL17,17.35
2016-11-07,gas,CAL17,16.975
2016-11-08,gas,CAL17,17.15
2016-11-09,gas,CAL17,17.225
2016-11-10,gas,CAL17,17.1
2016-11-13,gas,CAL17,16.675
2016-11-14,gas,CAL17,16.9
2016-11-15,gas,CAL17,16.8
2016-11-17,gas,CAL17,16.925
2016-11-20,gas,CAL17,16.8
2016-11-21,gas,CAL17,16.9
2016-11-22,gas,CAL17,17.1
2016-11-23,gas,CAL17,17.175
2016-11-24,gas,CAL17,17.1
2016-11-27,gas,CAL17,17.1
2016-11-28,gas,CAL17,17.025
2016-11-29,gas,CAL17,17.2
2016-11-30,gas,CAL17,17.3
2016-12-01,gas,CAL17,17.3
2016-12-04,gas,CAL17,17.025
2016-12-05,gas,CAL17,16.5
2016-12-06,gas,CAL17,16.55
2016-12-07,gas,CAL17,16.65
2016-12-08,gas,CAL17,16.7
2016-12-11,gas,CAL17,17.25
2016-12-12,gas,CAL17,17.425
2016-12-13,gas,CAL17,17.35
2016-12-14,gas,CAL17,17.5
2016-12-15,gas,CAL17,17.7
2016-12-18,gas,CAL17,17.7
2016-12-19,gas,CAL17,17.9
2016-12-20,gas,CAL17,18.05
2016-12-21,gas,CAL17,18.3
2016-12-22,gas,CAL17,18.125
2016-12-26,gas,CAL17,18.35
2016-12-27,gas,CAL17,18.55
2016-12-28,gas,CAL17,18.725
2016-12-29,gas,CAL17,18.775
2017-01-01,gas,CAL18,18.5
2017-01-02,gas,CAL18,18.25
2017-01-03,gas,CAL18,18.1
2017-01-04,gas,CAL18,18.35
2017-01-05,gas,CAL18,18.05
2017-01-08,gas,CAL18,18.075
2017-01-09,gas,CAL18,18.3
2017-01-10,gas,CAL18,18.475
2017-01-11,gas,CAL18,18.5
2017-01-12,gas,CAL18,18.35
2017-01-15,gas,CAL18,18.025
2017-01-16,gas,CAL18,18.275
2017-01-17,gas,CAL18,18.325
2017-01-18,gas,CAL18,18.375
2017-01-19,gas,CAL18,18.55
2017-01-22,gas,CAL18,18.575
2017-01-23,gas,CAL18,18.45
2017-01-24,gas,CAL18,18.125
2017-01-25,gas,CAL18,18.15
2017-01-26,gas,CAL18,17.85
2017-01-29,gas,CAL18,18.05
2017-01-30,gas,CAL18,18.05
2017-01-31,gas,CAL18,18.25
2017-02-01,gas,CAL18,18.2
2017-02-02,gas,CAL18,18.15
2017-02-05,gas,CAL18,18.1
2017-02-06,gas,CAL18,18.0
2017-02-07,gas,CAL18,17.975
2017-02-08,gas,CAL18,18.0
2017-02-09,gas,CAL18,18.175
2017-02-12,gas,CAL18,18.05
2017-02-13,gas,CAL18,17.975
2017-02-14,gas,CAL18,18.1
2017-02-15,gas,CAL18,18.15
2017-02-16,gas,CAL18,18.025
2017-02-19,gas,CAL18,18.35
2017-02-20,gas,CAL18,18.275
2017-02-21,gas,CAL18,18.125
2017-02-22,gas,CAL18,18.325
2017-02-23,gas,CAL18,18.275
2017-02-26,gas,CAL18,17.85
2017-02-27,gas,CAL18,17.625
2017-02-28,gas,CAL18,17.65
2017-03-01,gas,CAL18,17.5
2017-03-02,gas,CAL18,17.475
2017-03-05,gas,CAL18,17.45
2017-03-06,gas,CAL18,17.525
2017-03-07,gas,CAL18,17.25
2017-03-08,gas,CAL18,17.1
2017-03-09,gas,CAL18,17.1
2017-03-12,gas,CAL18,16.825
2017-03-13,gas,CAL18,16.775
2017-03-14,gas,CAL18,17.0
2017-03-15,gas,CAL18,16.95
2017-03-16,gas,CAL18,16.9
2017-03-19,gas,CAL18,16.875
2017-03-20,gas,CAL18,16.675
2017-03-21,gas,CAL18,16.55
2017-03-22,gas,CAL18,16.6
2017-03-23,gas,CAL18,16.55
2017-03-26,gas,CAL18,16.3
2017-03-27,gas,CAL18,16.4
2017-03-28,gas,CAL18,16.725
2017-03-29,gas,CAL18,17.1
2017-03-30,gas,CAL18,17.225
2017-04-02,gas,CAL18,17.1
2017-04-03,gas,CAL18,17.1
2017-04-04,gas,CAL18,17.225
2017-04-05,gas,CAL18,17.15
2017-04-06,gas,CAL18,16.95
2017-04-09,gas,CAL18,16.85
2017-04-10,gas,CAL18,16.75
2017-04-11,gas,CAL18,16.975
2017-04-12,gas,CAL18,16.925
2017-04-17,gas,CAL18,17.275
2017-04-18,gas,CAL18,17.45
2017-04-19,gas,CAL18,17.25
2017-04-20,gas,CAL18,17.325
2017-04-23,gas,CAL18,17.15
2017-04-24,gas,CAL18,16.825
2017-04-25,gas,CAL18,16.825
2017-04-26,gas,CAL18,16.8
2017-04-27,gas,CAL18,16.925
2017-05-01,gas,CAL18,17.075
2017-05-02,gas,CAL18,17.1
2017-05-03,gas,CAL18,16.825
2017-05-04,gas,CAL18,16.775
2017-05-08,gas,CAL18,16.575
2017-05-09,gas,CAL18,16.575
2017-05-10,gas,CAL18,16.475
2017-05-11,gas,CAL18,16.45
2017-05-14,gas,CAL18,16.6
2017-05-15,gas,CAL18,16.6
2017-05-16,gas,CAL18,16.725
2017-05-17,gas,CAL18,16.75
2017-05-18,gas,CAL18,16.775
2017-05-21,gas,CAL18,16.775
2017-05-22,gas,CAL18,16.875
2017-05-23,gas,CAL18,16.9
2017-05-24,gas,CAL18,16.75
2017-05-25,gas,CAL18,16.65
2017-05-28,gas,CAL18,16.675
2017-05-29,gas,CAL18,16.9
2017-05-30,gas,CAL18,16.675
2017-05-31,gas,CAL18,16.525
2017-06-01,gas,CAL18,16.475
2017-06-04,gas,CAL18,16.55
2017-06-05,gas,CAL18,16.55
2017-06-06,gas,CAL18,16.6
2017-06-07,gas,CAL18,16.475
2017-06-08,gas,CAL18,16.475
2017-06-11,gas,CAL18,16.375
2017-06-12,gas,CAL18,16.325
2017-06-13,gas,CAL18,16.325
2017-06-14,gas,CAL18,16.25
2017-06-15,gas,CAL18,16.25
2017-06-18,gas,CAL18,16.325
2017-06-19,gas,CAL18,16.175
2017-06-20,gas,CAL18,16.175
2017-06-21,gas,CAL18,16.05
2017-06-22,gas,CAL18,16.1
2017-06-25,gas,CAL18,16.175
2017-06-26,gas,CAL18,16.25
2017-06-27,gas,CAL18,16.275
2017-06-28,gas,CAL18,16.2
2017-06-29,gas,CAL18,16.2
2017-07-02,gas,CAL18,16.375
2017-07-03,gas,CAL18,16.375
2017-07-06,gas,CAL18,16.3
2017-07-09,gas,CAL18,16.225
2017-07-10,gas,CAL18,16.1
2017-07-11,gas,CAL18,16.05
2017-07-12,gas,CAL18,16.2
2017-07-13,gas,CAL18,16.35
2017-07-16,gas,CAL18,16.55
2017-07-17,gas,CAL18,16.35
2017-07-18,gas,CAL18,16.45
2017-07-19,gas,CAL18,16.525
2017-07-20,gas,CAL18,16.35
2017-07-23,gas,CAL18,16.175
2017-07-24,gas,CAL18,16.225
2017-07-25,gas,CAL18,16.45
2017-07-26,gas,CAL18,16.475
2017-07-27,gas,CAL18,16.425
2017-07-30,gas,CAL18,16.475
2017-07-31,gas,CAL18,16.225
2017-08-01,gas,CAL18,16.275
2017-08-02,gas,CAL18,16.275
2017-08-03,gas,CAL18,16.35
2017-08-06,gas,CAL18,16.525
2017-08-07,gas,CAL18,16.475
2017-08-08,gas,CAL18,16.7
2017-08-09,gas,CAL18,16.85
2017-08-10,gas,CAL18,16.85
2017-08-13,gas,CAL18,16.85
2017-08-14,gas,CAL18,16.45
2017-08-15,gas,CAL18,16.775
2017-08-16,gas,CAL18,16.7
2017-08-17,gas,CAL18,16.675
2017-08-20,gas,CAL18,16.65
2017-08-21,gas,CAL18,16.55
2017-08-22,gas,CAL18,16.725
2017-08-23,gas,CAL18,16.65
2017-08-24,gas,CAL18,16.725
2017-08-27,gas,CAL18,16.675
2017-08-28,gas,CAL18,16.675
2017-08-29,gas,CAL18,16.675
2017-08-30,gas,CAL18,16.725
2017-08-31,gas,CAL18,16.7
2017-09-03,gas,CAL18,16.725
2017-09-04,gas,CAL18,17.1
2017-09-05,gas,CAL18,17.25
2017-09-06,gas,CAL18,17.275
2017-09-07,gas,CAL18,17.425
2017-09-10,gas,CAL18,17.55
2017-09-11,gas,CAL18,17.55
2017-09-12,gas,CAL18,17.6
2017-09-13,gas,CAL18,17.85
2017-09-14,gas,CAL18,17.625
2017-09-17,gas,CAL18,17.5
2017-09-18,gas,CAL18,17.6
2017-09-19,gas,CAL18,17.4
2017-09-20,gas,CAL18,17.3
2017-09-21,gas,CAL18,17.3
2017-09-24,gas,CAL18,17.575
2017-09-25,gas,CAL18,17.55
2017-09-26,gas,CAL18,17.5
2017-09-28,gas,CAL18,17.35
2017-10-01,gas,CAL18,17.3
2017-10-02,gas,CAL18,17.45
2017-10-03,gas,CAL18,17.5
2017-10-04,gas,CAL18,17.5
2017-10-05,gas,CAL18,17.45
2017-10-08,gas,CAL18,17.525
2017-10-09,gas,CAL18,17.475
2017-10-10,gas,CAL18,17.575
2017-10-11,gas,CAL18,17.475
2017-10-12,gas,CAL18,17.675
2017-10-15,gas,CAL18,17.8
2017-10-16,gas,CAL18,17.7
2017-10-17,gas,CAL18,17.75
2017-10-18,gas,CAL18,17.6
2017-10-19,gas,CAL18,17.5
2017-10-22,gas,CAL18,17.5
2017-10-23,gas,CAL18,17.325
2017-10-24,gas,CAL18,17.475
2017-10-25,gas,CAL18,17.425
2017-10-26,gas,CAL18,17.55
2017-10-29,gas,CAL18,17.6
2017-10-30,gas,CAL18,17.65
2017-10-31,gas,CAL18,17.85
2017-11-01,gas,CAL18,17.7
2017-11-02,gas,CAL18,17.6
2017-11-05,gas,CAL18,17.9
2017-11-06,gas,CAL18,18.1
2017-11-07,gas,CAL18,18.15
2017-11-08,gas,CAL18,18.375
2017-11-09,gas,CAL18,18.6
2017-11-12,gas,CAL18,18.725
2017-11-13,gas,CAL18,18.6
2017-11-14,gas,CAL18,18.1
2017-11-15,gas,CAL18,18.35
2017-11-19,gas,CAL18,18.45
2017-11-20,gas,CAL18,18.75
2017-11-21,gas,CAL18,18.7
2017-11-22,gas,CAL18,18.825
2017-11-23,gas,CAL18,18.975
2017-11-26,gas,CAL18,18.95
2017-11-27,gas,CAL18,18.775
2017-11-28,gas,CAL18,18.75
2017-11-29,gas,CAL18,18.0
2017-11-30,gas,CAL18,18.15
2017-12-03,gas,CAL18,18.1
2017-12-04,gas,CAL18,17.95
2017-12-05,gas,CAL18,17.775
2017-12-06,gas,CAL18,17.85
2017-12-07,gas,CAL18,17.7
2017-12-10,gas,CAL18,17.85
2017-12-11,gas,CAL18,17.95
2017-12-12,gas,CAL18,17.775
2017-12-13,gas,CAL18,17.85
2017-12-14,gas,CAL18,17.95
2017-12-17,gas,CAL18,17.825
2017-12-18,gas,CAL18,17.65
2017-12-19,gas,CAL18,17.95
2017-12-20,gas,CAL18,17.95
2017-12-21,gas,CAL18,17.825
2017-12-26,gas,CAL18,17.698
2017-12-27,gas,CAL18,18.0
2017-12-28,gas,CAL18,18.1
2018-01-01,gas,CAL19,18.35
2018-01-02,gas,CAL19,18.025
2018-01-03,gas,CAL19,18.125
2018-01-04,gas,CAL19,18.125
2018-01-07,gas,CAL19,18.1
2018-01-08,gas,CAL19,18.275
2018-01-09,gas,CAL19,18.5
2018-01-10,gas,CAL19,18.4
2018-01-11,gas,CAL19,18.325
2018-01-14,gas,CAL19,18.15
2018-01-15,gas,CAL19,17.925
2018-01-16,gas,CAL19,17.85
2018-01-17,gas,CAL19,17.9
2018-01-18,gas,CAL19,17.875
2018-01-21,gas,CAL19,17.9
2018-01-22,gas,CAL19,17.85
2018-01-23,gas,CAL19,17.7
2018-01-24,gas,CAL19,17.494
2018-01-25,gas,CAL19,17.45
2018-01-28,gas,CAL19,17.225
2018-01-29,gas,CAL19,17.15
2018-01-30,gas,CAL19,17.4
2018-01-31,gas,CAL19,17.325
2018-02-01,gas,CAL19,17.225
2018-02-04,gas,CAL19,16.925
2018-02-05,gas,CAL19,16.95
2018-02-06,gas,CAL19,17.363
2018-02-07,gas,CAL19,17.24
2018-02-08,gas,CAL19,16.825
2018-02-11,gas,CAL19,16.825
2018-02-12,gas,CAL19,16.8
2018-02-13,gas,CAL19,16.825
2018-02-14,gas,CAL19,16.75
2018-02-15,gas,CAL19,16.85
2018-02-18,gas,CAL19,17.15
2018-02-19,gas,CAL19,17.275
2018-02-20,gas,CAL19,17.225
2018-02-21,gas,CAL19,17.15
2018-02-22,gas,CAL19,17.425
2018-02-25,gas,CAL19,17.1
2018-02-26,gas,CAL19,17.05
2018-02-27,gas,CAL19,16.85
2018-02-28,gas,CAL19,16.925
2018-03-04,gas,CAL19,17.0
2018-03-05,gas,CAL19,17.1
2018-03-06,gas,CAL19,17.1
2018-03-07,gas,CAL19,17.225
2018-03-08,gas,CAL19,17.275
2018-03-11,gas,CAL19,17.3
2018-03-12,gas,CAL19,17.113
2018-03-13,gas,CAL19,17.0
2018-03-14,gas,CAL19,17.175
2018-03-15,gas,CAL19,17.05
2018-03-18,gas,CAL19,17.075
2018-03-19,gas,CAL19,17.275
2018-03-20,gas,CAL19,17.5
2018-03-21,gas,CAL19,17.45
2018-03-22,gas,CAL19,17.4
2018-03-25,gas,CAL19,17.25
2018-03-26,gas,CAL19,17.525
2018-03-27,gas,CAL19,17.6
2018-03-28,gas,CAL19,17.65
2018-04-02,gas,CAL19,17.575
2018-04-03,gas,CAL19,17.575
2018-04-04,gas,CAL19,17.575
2018-04-05,gas,CAL19,17.575
2018-04-08,gas,CAL19,17.7
2018-04-09,gas,CAL19,17.9
2018-04-10,gas,CAL19,18.225
2018-04-11,gas,CAL19,18.2
2018-04-12,gas,CAL19,18.45
2018-04-15,gas,CAL19,18.4
2018-04-16,gas,CAL19,18.425
2018-04-17,gas,CAL19,18.225
2018-04-18,gas,CAL19,18.5
2018-04-19,gas,CAL19,18.5
2018-04-22,gas,CAL19,18.6
2018-04-23,gas,CAL19,18.575
2018-04-24,gas,CAL19,18.65
2018-04-25,gas,CAL19,19.0
2018-04-26,gas,CAL19,19.1
2018-04-29,gas,CAL19,19.32
2018-05-01,gas,CAL19,18.9
2018-05-02,gas,CAL19,18.9
2018-05-03,gas,CAL19,19.225
2018-05-07,gas,CAL19,19.225
2018-05-08,gas,CAL19,19.9
2018-05-09,gas,CAL19,19.975
2018-05-10,gas,CAL19,20.3
2018-05-13,gas,CAL19,20.6
2018-05-14,gas,CAL19,20.9
2018-05-15,gas,CAL19,20.775
2018-05-16,gas,CAL19,21.35
2018-05-17,gas,CAL19,21.3
2018-05-20,gas,CAL19,21.375
2018-05-21,gas,CAL19,21.85
2018-05-22,gas,CAL19,21.75
2018-05-23,gas,CAL19,21.5
2018-05-24,gas,CAL19,20.875
2018-05-28,gas,CAL19,21.133
2018-05-29,gas,CAL19,20.775
2018-05-30,gas,CAL19,20.725
2018-05-31,gas,CAL19,20.15
2018-06-03,gas,CAL19,20.4
2018-06-04,gas,CAL19,20.1
2018-06-05,gas,CAL19,20.0
2018-06-06,gas,CAL19,20.3
2018-06-07,gas,CAL19,20.425
2018-06-10,gas,CAL19,20.15
2018-06-11,gas,CAL19,20.375
2018-06-12,gas,CAL19,20.75
2018-06-13,gas,CAL19,20.8
2018-06-14,gas,CAL19,20.3
2018-06-17,gas,CAL19,20.4
2018-06-18,gas,CAL19,20.3
2018-06-19,gas,CAL19,20.275
2018-06-20,gas,CAL19,20.3
2018-06-21,gas,CAL19,20.475
2018-06-24,gas,CAL19,20.425
2018-06-25,gas,CAL19,20.475
2018-06-26,gas,CAL19,20.875
2018-06-27,gas,CAL19,21.05
2018-06-28,gas,CAL19,21.075
2018-07-01,gas,CAL19,21.275
2018-07-02,gas,CAL19,21.45
2018-07-03,gas,CAL19,21.275
2018-07-05,gas,CAL19,21.35
2018-07-08,gas,CAL19,21.675
2018-07-09,gas,CAL19,21.7
2018-07-10,gas,CAL19,21.575
2018-07-11,gas,CAL19,21.05
2018-07-12,gas,CAL19,21.3
2018-07-15,gas,CAL19,21.0
2018-07-16,gas,CAL19,20.825
2018-07-17,gas,CAL19,21.0
2018-07-18,gas,CAL19,21.175
2018-07-19,gas,CAL19,20.95
2018-07-22,gas,CAL19,21.025
2018-07-23,gas,CAL19,21.125
2018-07-24,gas,CAL19,21.275
2018-07-25,gas,CAL19,21.175
2018-07-26,gas,CAL19,21.225
2018-07-29,gas,CAL19,21.25
2018-07-30,gas,CAL19,21.15
2018-07-31,gas,CAL19,21.05
2018-08-01,gas,CAL19,21.05
2018-08-02,gas,CAL19,21.325
2018-08-05,gas,CAL19,21.525
2018-08-06,gas,CAL19,21.7
2018-08-07,gas,CAL19,21.7
2018-08-08,gas,CAL19,21.725
2018-08-09,gas,CAL19,21.775
2018-08-12,gas,CAL19,22.275
2018-08-13,gas,CAL19,22.55
2018-08-14,gas,CAL19,22.2
2018-08-15,gas,CAL19,22.35
2018-08-16,gas,CAL19,22.5
2018-08-19,gas,CAL19,22.5
2018-08-20,gas,CAL19,22.675
2018-08-21,gas,CAL19,22.7
2018-08-22,gas,CAL19,22.9
2018-08-23,gas,CAL19,23.05
2018-08-27,gas,CAL19,23.65
2018-08-28,gas,CAL19,23.975
2018-08-29,gas,CAL19,24.225
2018-08-30,gas,CAL19,23.825
2018-09-02,gas,CAL19,24.1
2018-09-03,gas,CAL19,24.525
2018-09-04,gas,CAL19,24.7
2018-09-05,gas,CAL19,25.1
2018-09-06,gas,CAL19,25.423
2018-09-09,gas,CAL19,26.3
2018-09-10,gas,CAL19,26.2
2018-09-11,gas,CAL19,25.575
2018-09-12,gas,CAL19,24.825
2018-09-13,gas,CAL19,24.7
2018-09-16,gas,CAL19,25.675
2018-09-17,gas,CAL19,25.375
2018-09-18,gas,CAL19,25.8
2018-09-19,gas,CAL19,26.35
2018-09-20,gas,CAL19,26.3
2018-09-23,gas,CAL19,26.85
2018-09-24,gas,CAL19,26.625
2018-09-25,gas,CAL19,26.2
2018-09-26,gas,CAL19,25.8
2018-09-30,gas,CAL19,25.925
2018-10-01,gas,CAL19,25.95
2018-10-02,gas,CAL19,25.9
2018-10-03,gas,CAL19,26.45
2018-10-04,gas,CAL19,26.575
2018-10-07,gas,CAL19,26.325
2018-10-08,gas,CAL19,25.825
2018-10-09,gas,CAL19,25.45
2018-10-10,gas,CAL19,24.725
2018-10-11,gas,CAL19,25.25
2018-10-14,gas,CAL19,25.38
2018-10-15,gas,CAL19,25.25
2018-10-16,gas,CAL19,24.925
2018-10-17,gas,CAL19,25.0
2018-10-18,gas,CAL19,25.5
2018-10-21,gas,CAL19,25.25
2018-10-22,gas,CAL19,24.925
2018-10-23,gas,CAL19,24.72
2018-10-24,gas,CAL19,24.625
2018-10-25,gas,CAL19,24.05
2018-10-28,gas,CAL19,24.325
2018-10-29,gas,CAL19,23.7
2018-10-30,gas,CAL19,23.7
2018-10-31,gas,CAL19,22.925
2018-11-01,gas,CAL19,23.175
2018-11-04,gas,CAL19,23.2
2018-11-05,gas,CAL19,23.075
2018-11-06,gas,CAL19,23.575
2018-11-07,gas,CAL19,23.675
2018-11-08,gas,CAL19,23.5
2018-11-11,gas,CAL19,24.525
2018-11-12,gas,CAL19,24.55
2018-11-13,gas,CAL19,24.4
2018-11-14,gas,CAL19,24.425
2018-11-15,gas,CAL19,24.15
2018-11-18,gas,CAL19,23.025
2018-11-19,gas,CAL19,23.175
2018-11-20,gas,CAL19,23.0
2018-11-21,gas,CAL19,23.15
2018-11-22,gas,CAL19,22.95
2018-11-25,gas,CAL19,22.95
2018-11-26,gas,CAL19,23.475
2018-11-27,gas,CAL19,22.975
2018-11-28,gas,CAL19,23.125
2018-11-29,gas,CAL19,21.25
2018-12-02,gas,CAL19,21.6
2018-12-03,gas,CAL19,21.45
2018-12-04,gas,CAL19,21.275
2018-12-05,gas,CAL19,21.1
2018-12-06,gas,CAL19,21.325
2018-12-09,gas,CAL19,21.4
2018-12-10,gas,CAL19,21.475
2018-12-11,gas,CAL19,21.7
2018-12-12,gas,CAL19,21.875
2018-12-13,gas,CAL19,22.35
2018-12-16,gas,CAL19,22.3
2018-12-17,gas,CAL19,21.95
2018-12-18,gas,CAL19,21.975
2018-12-19,gas,CAL19,21.825
2018-12-20,gas,CAL19,21.5
2018-12-26,gas,CAL19,20.85
2018-12-27,gas,CAL19,20.575
2018-12-30,gas,CAL19,20.25
2019-01-01,gas,CAL20,20.35
2019-01-02,gas,CAL20,20.3
2019-01-03,gas,CAL20,20.775
2019-01-06,gas,CAL20,20.45
2019-01-07,gas,CAL20,20.67
2019-01-08,gas,CAL20,20.6
2019-01-09,gas,CAL20,20.675
2019-01-10,gas,CAL20,20.85
2019-01-13,gas,CAL20,20.7
2019-01-14,gas,CAL20,20.975
2019-01-15,gas,CAL20,21.2
2019-01-16,gas,CAL20,21.8
2019-01-17,gas,CAL20,21.875
2019-01-20,gas,CAL20,21.6
2019-01-21,gas,CAL20,21.5
2019-01-22,gas,CAL20,21.8
2019-01-23,gas,CAL20,21.375
2019-01-24,gas,CAL20,21.3
2019-01-27,gas,CAL20,21.125
2019-01-28,gas,CAL20,21.3
2019-01-29,gas,CAL20,21.3
2019-01-30,gas,CAL20,21.075
2019-01-31,gas,CAL20,20.925
2019-02-03,gas,CAL20,20.893
2019-02-04,gas,CAL20,20.925
2019-02-05,gas,CAL20,20.9
2019-02-06,gas,CAL20,20.969
2019-02-07,gas,CAL20,20.617
2019-02-10,gas,CAL20,20.611
2019-02-11,gas,CAL20,20.44
2019-02-12,gas,CAL20,20.655
2019-02-13,gas,CAL20,20.612
2019-02-14,gas,CAL20,20.877
2019-02-17,gas,CAL20,20.566
2019-02-18,gas,CAL20,20.858
2019-02-19,gas,CAL20,21.121
2019-02-20,gas,CAL20,20.974
2019-02-21,gas,CAL20,20.849
2019-02-24,gas,CAL20,20.725
2019-02-25,gas,CAL20,20.567
2019-02-26,gas,CAL20,20.925
2019-02-27,gas,CAL20,20.975
2019-02-28,gas,CAL20,20.849
2019-03-03,gas,CAL20,21.05
2019-03-04,gas,CAL20,20.683
2019-03-05,gas,CAL20,20.386
2019-03-06,gas,CAL20,20.447
2019-03-07,gas,CAL20,20.353
2019-03-10,gas,CAL20,20.186
2019-03-11,gas,CAL20,20.05
2019-03-12,gas,CAL20,19.693
2019-03-13,gas,CAL20,19.486
2019-03-14,gas,CAL20,18.999
2019-03-17,gas,CAL20,18.693
2019-03-18,gas,CAL20,18.7
2019-03-19,gas,CAL20,19.025
2019-03-20,gas,CAL20,19.061
2019-03-21,gas,CAL20,18.825
2019-03-24,gas,CAL20,18.686
2019-03-25,gas,CAL20,18.827
2019-03-26,gas,CAL20,19.35
2019-03-27,gas,CAL20,19.225
2019-03-28,gas,CAL20,19.222
2019-03-31,gas,CAL20,19.2
2019-04-01,gas,CAL20,19.109
2019-04-02,gas,CAL20,19.5
2019-04-03,gas,CAL20,19.975
2019-04-04,gas,CAL20,20.65
2019-04-07,gas,CAL20,20.375
2019-04-08,gas,CAL20,20.8
2019-04-09,gas,CAL20,21.15
2019-04-10,gas,CAL20,21.278
2019-04-11,gas,CAL20,21.18
2019-04-14,gas,CAL20,20.797
2019-04-15,gas,CAL20,20.691
2019-04-16,gas,CAL20,20.979
2019-04-17,gas,CAL20,20.7
2019-04-22,gas,CAL20,21.008
2019-04-23,gas,CAL20,21.0
2019-04-24,gas,CAL20,21.1
2019-04-25,gas,CAL20,21.0
2019-04-28,gas,CAL20,20.9
2019-04-29,gas,CAL20,20.575
2019-05-01,gas,CAL20,19.8
2019-05-02,gas,CAL20,20.3
2019-05-06,gas,CAL20,20.742
2019-05-08,gas,CAL20,20.75
2019-05-09,gas,CAL20,19.95
2019-05-12,gas,CAL20,20.113
2019-05-13,gas,CAL20,20.314
2019-05-14,gas,CAL20,20.554
2019-05-15,gas,CAL20,20.323
2019-05-16,gas,CAL20,20.082
2019-05-19,gas,CAL20,20.035
2019-05-20,gas,CAL20,20.034
2019-05-21,gas,CAL20,20.179
2019-05-22,gas,CAL20,20.092
2019-05-23,gas,CAL20,19.981
2019-05-27,gas,CAL20,20.232
2019-05-28,gas,CAL20,20.228
2019-05-29,gas,CAL20,20.025
2019-05-30,gas,CAL20,19.375
2019-06-02,gas,CAL20,19.183
2019-06-03,gas,CAL20,19.185
2019-06-04,gas,CAL20,19.25
2019-06-05,gas,CAL20,19.215
2019-06-06,gas,CAL20,19.619
2019-06-09,gas,CAL20,19.926
2019-06-10,gas,CAL20,19.278
2019-06-11,gas,CAL20,19.275
2019-06-12,gas,CAL20,19.406
2019-06-13,gas,CAL20,19.198
2019-06-16,gas,CAL20,19.175
2019-06-17,gas,CAL20,18.93
2019-06-18,gas,CAL20,18.902
2019-06-19,gas,CAL20,19.039
2019-06-20,gas,CAL20,19.375
2019-06-23,gas,CAL20,19.594
2019-06-24,gas,CAL20,19.32
2019-06-25,gas,CAL20,19.441
2019-06-26,gas,CAL20,19.3
2019-06-27,gas,CAL20,19.075
2019-06-30,gas,CAL20,18.965
2019-07-01,gas,CAL20,18.587
2019-07-02,gas,CAL20,18.45
2019-07-03,gas,CAL20,18.6
2019-07-07,gas,CAL20,19.375
2019-07-08,gas,CAL20,19.5
2019-07-09,gas,CAL20,19.564
2019-07-10,gas,CAL20,20.125
2019-07-11,gas,CAL20,20.781
2019-07-14,gas,CAL20,20.675
2019-07-16,gas,CAL20,19.45
2019-07-17,gas,CAL20,19.395
2019-07-18,gas,CAL20,19.638
2019-07-21,gas,CAL20,19.452
2019-07-22,gas,CAL20,19.557
2019-07-23,gas,CAL20,19.336
2019-07-24,gas,CAL20,19.45
2019-07-25,gas,CAL20,19.248
2019-07-28,gas,CAL20,18.985
2019-07-29,gas,CAL20,18.912
2019-07-30,gas,CAL20,19.108
2019-07-31,gas,CAL20,19.434
2019-08-01,gas,CAL20,19.2
2019-08-04,gas,CAL20,18.725
2019-08-05,gas,CAL20,18.55
2019-08-06,gas,CAL20,18.41
2019-08-07,gas,CAL20,18.4
2019-08-08,gas,CAL20,18.4
2019-08-11,gas,CAL20,18.35
2019-08-12,gas,CAL20,18.525
2019-08-13,gas,CAL20,18.375
2019-08-14,gas,CAL20,18.35
2019-08-15,gas,CAL20,18.275
2019-08-18,gas,CAL20,18.225
2019-08-19,gas,CAL20,18.35
2019-08-20,gas,CAL20,18.325
2019-08-21,gas,CAL20,18.25
2019-08-22,gas,CAL20,18.05
2019-08-26,gas,CAL20,17.675
2019-08-27,gas,CAL20,17.722
2019-08-28,gas,CAL20,17.83
2019-08-29,gas,CAL20,17.893
2019-09-01,gas,CAL20,17.392
2019-09-02,gas,CAL20,17.465
2019-09-03,gas,CAL20,17.468
2019-09-04,gas,CAL20,17.725
2019-09-05,gas,CAL20,17.791
2019-09-08,gas,CAL20,17.905
2019-09-09,gas,CAL20,19.3
2019-09-10,gas,CAL20,19.45
2019-09-11,gas,CAL20,19.025
2019-09-12,gas,CAL20,19.15
2019-09-15,gas,CAL20,19.975
2019-09-16,gas,CAL20,19.2
2019-09-17,gas,CAL20,19.05
2019-09-18,gas,CAL20,19.325
2019-09-19,gas,CAL20,19.6
2019-09-22,gas,CAL20,19.219
2019-09-23,gas,CAL20,19.175
2019-09-24,gas,CAL20,18.784
2019-09-25,gas,CAL20,19.0
2019-09-26,gas,CAL20,18.825
2019-09-29,gas,CAL20,18.925
2019-09-30,gas,CAL20,19.0
2019-10-01,gas,CAL20,18.45
2019-10-02,gas,CAL20,18.071
2019-10-03,gas,CAL20,18.225
2019-10-06,gas,CAL20,18.093
2019-10-07,gas,CAL20,18.157
2019-10-08,gas,CAL20,18.3
2019-10-09,gas,CAL20,18.275
2019-10-10,gas,CAL20,18.825
2019-10-13,gas,CAL20,18.7
2019-10-14,gas,CAL20,18.61
2019-10-15,gas,CAL20,18.547
2019-10-16,gas,CAL20,18.425
2019-10-17,gas,CAL20,18.32
2019-10-20,gas,CAL20,18.042
2019-10-21,gas,CAL20,17.93
2019-10-22,gas,CAL20,17.775
2019-10-23,gas,CAL20,17.933
2019-10-24,gas,CAL20,17.65
2019-10-27,gas,CAL20,17.461
2019-10-28,gas,CAL20,17.4
2019-10-29,gas,CAL20,17.15
2019-10-30,gas,CAL20,17.22
2019-10-31,gas,CAL20,17.5
2019-11-03,gas,CAL20,17.725
2019-11-04,gas,CAL20,17.801
2019-11-05,gas,CAL20,17.463
2019-11-06,gas,CAL20,17.275
2019-11-07,gas,CAL20,17.15
2019-11-10,gas,CAL20,17.016
2019-11-11,gas,CAL20,16.825
2019-11-12,gas,CAL20,16.825
2019-11-13,gas,CAL20,17.2
2019-11-14,gas,CAL20,17.2
2019-11-17,gas,CAL20,16.871
2019-11-18,gas,CAL20,16.93
2019-11-19,gas,CAL20,16.975
2019-11-20,gas,CAL20,17.157
2019-11-21,gas,CAL20,17.5
2019-11-24,gas,CAL20,17.575
2019-11-25,gas,CAL20,17.193
2019-11-26,gas,CAL20,17.396
2019-11-27,gas,CAL20,17.075
2019-11-28,gas,CAL20,18.55
2019-12-01,gas,CAL20,18.2
2019-12-03,gas,CAL20,18.15
2019-12-04,gas,CAL20,18.075
2019-12-05,gas,CAL20,17.875
2019-12-08,gas,CAL20,17.65
2019-12-09,gas,CAL20,17.425
2019-12-10,gas,CAL20,17.275
2019-12-11,gas,CAL20,17.6
2019-12-12,gas,CAL20,17.375
2019-12-15,gas,CAL20,17.525
2019-12-16,gas,CAL20,17.725
2019-12-17,gas,CAL20,18.024
2019-12-18,gas,CAL20,18.25
2019-12-19,gas,CAL20,18.225
2019-12-22,gas,CAL20,17.875
2019-12-23,gas,CAL20,17.657
2019-12-26,gas,CAL20,17.625
2019-12-29,gas,CAL20,17.35
2020-01-01,gas,CAL21,17.172
2020-01-02,gas,CAL21,17.5
2020-01-05,gas,CAL21,17.6
2020-01-06,gas,CAL21,17.252
2020-01-07,gas,CAL21,17.475
2020-01-08,gas,CAL21,17.579
2020-01-09,gas,CAL21,17.575
2020-01-12,gas,CAL21,17.508
2020-01-13,gas,CAL21,17.073
2020-01-14,gas,CAL21,16.975
2020-01-15,gas,CAL21,16.742
2020-01-16,gas,CAL21,16.725
2020-01-19,gas,CAL21,16.191
2020-01-20,gas,CAL21,16.225
2020-01-21,gas,CAL21,16.027
2020-01-22,gas,CAL21,15.875
2020-01-23,gas,CAL21,15.877
2020-01-26,gas,CAL21,15.775
2020-01-27,gas,CAL21,15.925
2020-01-28,gas,CAL21,15.675
2020-01-29,gas,CAL21,15.206
2020-01-30,gas,CAL21,15.025
2020-02-02,gas,CAL21,14.625
2020-02-03,gas,CAL21,14.925
2020-02-04,gas,CAL21,15.328
2020-02-05,gas,CAL21,15.312
2020-02-06,gas,CAL21,15.373
2020-02-09,gas,CAL21,15.1
2020-02-10,gas,CAL21,15.205
2020-02-11,gas,CAL21,15.632
2020-02-12,gas,CAL21,15.925
2020-02-13,gas,CAL21,16.041
2020-02-16,gas,CAL21,16.367
2020-02-17,gas,CAL21,16.097
2020-02-18,gas,CAL21,16.0
2020-02-19,gas,CAL21,15.819
2020-02-20,gas,CAL21,15.65
2020-02-23,gas,CAL21,15.12
2020-02-24,gas,CAL21,14.976
2020-02-25,gas,CAL21,15.019
2020-02-26,gas,CAL21,14.669
2020-02-27,gas,CAL21,14.675
2020-03-01,gas,CAL21,14.65
2020-03-02,gas,CAL21,15.118
2020-03-03,gas,CAL21,15.154
2020-03-04,gas,CAL21,15.004
2020-03-05,gas,CAL21,14.6
2020-03-08,gas,CAL21,13.965
2020-03-09,gas,CAL21,14.264
2020-03-10,gas,CAL21,14.189
2020-03-11,gas,CAL21,13.743
2020-03-12,gas,CAL21,13.9
2020-03-15,gas,CAL21,13.593
2020-03-16,gas,CAL21,13.325
2020-03-17,gas,CAL21,12.936
2020-03-18,gas,CAL21,12.956
2020-03-19,gas,CAL21,13.057
2020-03-22,gas,CAL21,12.824
2020-03-23,gas,CAL21,13.026
2020-03-24,gas,CAL21,13.2
2020-03-25,gas,CAL21,13.152
2020-03-26,gas,CAL21,12.883
2020-03-29,gas,CAL21,12.838
2020-03-30,gas,CAL21,12.961
2020-03-31,gas,CAL21,12.66
2020-04-01,gas,CAL21,12.932
2020-04-02,gas,CAL21,13.084
2020-04-05,gas,CAL21,13.64
2020-04-06,gas,CAL21,13.7
2020-04-07,gas,CAL21,13.631
2020-04-08,gas,CAL21,13.728
2020-04-13,gas,CAL21,13.42
2020-04-14,gas,CAL21,13.236
2020-04-15,gas,CAL21,13.525
2020-04-16,gas,CAL21,13.795
2020-04-19,gas,CAL21,13.725
2020-04-20,gas,CAL21,13.456
2020-04-21,gas,CAL21,13.181
2020-04-22,gas,CAL21,13.11
2020-04-23,gas,CAL21,12.979
2020-04-26,gas,CAL21,12.887
2020-04-27,gas,CAL21,12.827
2020-04-28,gas,CAL21,12.766
2020-04-29,gas,CAL21,12.787
2020-05-03,gas,CAL21,12.625
2020-05-04,gas,CAL21,12.732
2020-05-05,gas,CAL21,12.825
2020-05-06,gas,CAL21,12.994
2020-05-07,gas,CAL21,13.007
2020-05-10,gas,CAL21,13.095
2020-05-11,gas,CAL21,12.848
2020-05-12,gas,CAL21,12.8
2020-05-13,gas,CAL21,12.966
2020-05-14,gas,CAL21,13.1
2020-05-17,gas,CAL21,13.15
2020-05-18,gas,CAL21,13.14
2020-05-19,gas,CAL21,13.226
2020-05-20,gas,CAL21,12.947
2020-05-21,gas,CAL21,12.714
2020-05-24,gas,CAL21,12.961
2020-05-25,gas,CAL21,12.942
2020-05-26,gas,CAL21,12.722
2020-05-27,gas,CAL21,12.534
2020-05-28,gas,CAL21,12.631
2020-05-31,gas,CAL21,12.397
2020-06-01,gas,CAL21,12.694
2020-06-02,gas,CAL21,12.725
2020-06-03,gas,CAL21,12.76
2020-06-04,gas,CAL21,13.164
2020-06-07,gas,CAL21,12.975
2020-06-08,gas,CAL21,12.736
2020-06-09,gas,CAL21,12.716
2020-06-10,gas,CAL21,12.625
2020-06-11,gas,CAL21,12.569
2020-06-14,gas,CAL21,12.455
2020-06-15,gas,CAL21,12.64
2020-06-16,gas,CAL21,12.699
2020-06-17,gas,CAL21,13.034
2020-06-18,gas,CAL21,13.125
2020-06-21,gas,CAL21,13.044
2020-06-22,gas,CAL21,13.158
2020-06-23,gas,CAL21,12.875
2020-06-24,gas,CAL21,12.977
2020-06-25,gas,CAL21,12.937
2020-06-28,gas,CAL21,13.177
2020-06-29,gas,CAL21,13.25
2020-06-30,gas,CAL21,13.09
2020-07-01,gas,CAL21,13.233
2020-07-02,gas,CAL21,13.275
2020-07-05,gas,CAL21,13.651
2020-07-06,gas,CAL21,13.768
2020-07-07,gas,CAL21,13.67
2020-07-08,gas,CAL21,13.65
2020-07-09,gas,CAL21,13.516
2020-07-12,gas,CAL21,13.617
2020-07-13,gas,CAL21,13.407
2020-07-14,gas,CAL21,13.397
2020-07-15,gas,CAL21,13.368
2020-07-16,gas,CAL21,13.336
2020-07-19,gas,CAL21,12.916
2020-07-20,gas,CAL21,13.0
2020-07-21,gas,CAL21,12.865
2020-07-22,gas,CAL21,12.875
2020-07-23,gas,CAL21,12.607
2020-07-26,gas,CAL21,12.4
2020-07-27,gas,CAL21,12.636
2020-07-28,gas,CAL21,12.74
2020-07-29,gas,CAL21,12.55
2020-07-30,gas,CAL21,12.603
2020-08-02,gas,CAL21,12.721
2020-08-03,gas,CAL21,12.934
2020-08-04,gas,CAL21,13.172
2020-08-05,gas,CAL21,13.35
2020-08-06,gas,CAL21,13.27
2020-08-09,gas,CAL21,13.237
2020-08-10,gas,CAL21,13.349
2020-08-11,gas,CAL21,13.235
2020-08-12,gas,CAL21,13.298
2020-08-13,gas,CAL21,13.389
2020-08-16,gas,CAL21,13.624
2020-08-17,gas,CAL21,13.754
2020-08-18,gas,CAL21,13.685
2020-08-19,gas,CAL21,13.754
2020-08-20,gas,CAL21,13.484
2020-08-23,gas,CAL21,13.772
2020-08-24,gas,CAL21,14.164
2020-08-25,gas,CAL21,14.413
2020-08-26,gas,CAL21,14.13
2020-08-27,gas,CAL21,14.61
2020-08-30,gas,CAL21,14.561
2020-08-31,gas,CAL21,14.73
2020-09-01,gas,CAL21,14.505
2020-09-02,gas,CAL21,14.62
2020-09-03,gas,CAL21,14.536
2020-09-06,gas,CAL21,14.023
2020-09-07,gas,CAL21,13.699
2020-09-08,gas,CAL21,13.703
2020-09-09,gas,CAL21,13.667
2020-09-10,gas,CAL21,13.684
2020-09-13,gas,CAL21,13.908
2020-09-14,gas,CAL21,13.927
2020-09-15,gas,CAL21,14.198
2020-09-16,gas,CAL21,14.134
2020-09-17,gas,CAL21,14.211
2020-09-20,gas,CAL21,14.0
2020-09-21,gas,CAL21,14.059
2020-09-22,gas,CAL21,14.117
2020-09-23,gas,CAL21,14.125
2020-09-24,gas,CAL21,14.016
2020-09-27,gas,CAL21,14.343
2020-09-28,gas,CAL21,14.258
2020-09-29,gas,CAL21,14.016
2020-09-30,gas,CAL21,13.843
2020-10-01,gas,CAL21,13.63
2020-10-04,gas,CAL21,13.909
2020-10-05,gas,CAL21,13.912
2020-10-06,gas,CAL21,14.151
2020-10-07,gas,CAL21,14.387
2020-10-08,gas,CAL21,14.258
2020-10-11,gas,CAL21,14.146
2020-10-12,gas,CAL21,14.185
2020-10-13,gas,CAL21,14.331
2020-10-14,gas,CAL21,14.441
2020-10-15,gas,CAL21,14.687
2020-10-18,gas,CAL21,14.893
2020-10-19,gas,CAL21,14.95
2020-10-20,gas,CAL21,14.85
2020-10-21,gas,CAL21,15.049
2020-10-22,gas,CAL21,15.16
2020-10-25,gas,CAL21,14.801
2020-10-26,gas,CAL21,14.742
2020-10-27,gas,CAL21,14.464
2020-10-28,gas,CAL21,14.242
2020-10-29,gas,CAL21,13.992
2020-11-01,gas,CAL21,13.753
2020-11-02,gas,CAL21,13.868
2020-11-03,gas,CAL21,14.043
2020-11-04,gas,CAL21,14.479
2020-11-05,gas,CAL21,14.07
2020-11-08,gas,CAL21,14.24
2020-11-09,gas,CAL21,14.314
2020-11-10,gas,CAL21,14.35
2020-11-11,gas,CAL21,14.211
2020-11-12,gas,CAL21,14.294
2020-11-15,gas,CAL21,14.396
2020-11-16,gas,CAL21,14.03
2020-11-17,gas,CAL21,13.894
2020-11-18,gas,CAL21,13.383
2020-11-19,gas,CAL21,13.294
2020-11-22,gas,CAL21,13.626
2020-11-23,gas,CAL21,13.983
2020-11-24,gas,CAL21,14.01
2020-11-25,gas,CAL21,14.002
2020-11-26,gas,CAL21,14.281
2020-11-29,gas,CAL21,15.166
2020-11-30,gas,CAL21,15.046
2020-12-01,gas,CAL21,14.977
2020-12-02,gas,CAL21,14.66
2020-12-03,gas,CAL21,14.931
2020-12-06,gas,CAL21,14.875
2020-12-07,gas,CAL21,14.879
2020-12-08,gas,CAL21,14.953
2020-12-09,gas,CAL21,15.17
2020-12-10,gas,CAL21,15.381
2020-12-13,gas,CAL21,15.697
2020-12-14,gas,CAL21,15.878
2020-12-15,gas,CAL21,15.522
2020-12-16,gas,CAL21,15.434
2020-12-17,gas,CAL21,15.675
2020-12-20,gas,CAL21,15.839
2020-12-21,gas,CAL21,16.208
2020-12-22,gas,CAL21,16.095
2020-12-23,gas,CAL21,16.14
2020-12-27,gas,CAL21,16.725
2020-12-28,gas,CAL21,16.368
2020-12-29,gas,CAL21,16.457
2020-12-30,gas,CAL21,16.65
2021-01-03,gas,CAL22,16.63
2021-01-04,gas,CAL22,16.177
2021-01-05,gas,CAL22,16.068
2021-01-06,gas,CAL22,16.463
2021-01-07,gas,CAL22,16.684
2021-01-10,gas,CAL22,16.85
2021-01-11,gas,CAL22,17.225
2021-01-12,gas,CAL22,16.787
2021-01-13,gas,CAL22,16.849
2021-01-14,gas,CAL22,16.636
2021-01-17,gas,CAL22,16.562
2021-01-18,gas,CAL22,17.079
2021-01-19,gas,CAL22,17.071
2021-01-20,gas,CAL22,17.147
2021-01-21,gas,CAL22,17.144
2021-01-24,gas,CAL22,16.9
2021-01-25,gas,CAL22,16.96
2021-01-26,gas,CAL22,17.071
2021-01-27,gas,CAL22,17.257
2021-01-28,gas,CAL22,17.2
2021-01-31,gas,CAL22,17.0
2021-02-01,gas,CAL22,17.071
2021-02-02,gas,CAL22,17.259
2021-02-03,gas,CAL22,17.4
2021-02-04,gas,CAL22,17.657
2021-02-07,gas,CAL22,18.122
2021-02-08,gas,CAL22,18.0
2021-02-09,gas,CAL22,17.9
2021-02-10,gas,CAL22,17.57
2021-02-11,gas,CAL22,17.524
2021-02-16,gas,CAL22,17.315
2021-02-17,gas,CAL22,17.53
2021-02-18,gas,CAL22,17.25
2021-02-21,gas,CAL22,17.041
2021-02-22,gas,CAL22,17.185
2021-02-23,gas,CAL22,17.328
2021-02-24,gas,CAL22,17.15
2021-02-25,gas,CAL22,17.094
2021-02-28,gas,CAL22,17.25
2021-03-01,gas,CAL22,17.2
2021-03-02,gas,CAL22,17.103
2021-03-03,gas,CAL22,17.274
2021-03-04,gas,CAL22,17.573
2021-03-07,gas,CAL22,17.554
2021-03-08,gas,CAL22,17.852
2021-03-09,gas,CAL22,18.229
2021-03-10,gas,CAL22,18.444
2021-03-11,gas,CAL22,18.669
2021-03-14,gas,CAL22,18.528
2021-03-15,gas,CAL22,18.251
2021-03-16,gas,CAL22,18.37
2021-03-17,gas,CAL22,18.3
2021-03-18,gas,CAL22,18.013
2021-03-21,gas,CAL22,18.474
2021-03-22,gas,CAL22,18.516
2021-03-23,gas,CAL22,18.547
2021-03-24,gas,CAL22,18.331
2021-03-25,gas,CAL22,18.457
2021-03-28,gas,CAL22,18.374
2021-03-29,gas,CAL22,18.557
2021-03-30,gas,CAL22,18.55
2021-03-31,gas,CAL22,18.61
2021-04-05,gas,CAL22,18.893
2021-04-06,gas,CAL22,18.628
2021-04-07,gas,CAL22,18.443
2021-04-08,gas,CAL22,18.351
2021-04-11,gas,CAL22,18.661
2021-04-12,gas,CAL22,18.474
2021-04-13,gas,CAL22,18.6
2021-04-14,gas,CAL22,18.9
2021-04-15,gas,CAL22,19.116
2021-04-18,gas,CAL22,19.272
2021-04-19,gas,CAL22,19.31
2021-04-20,gas,CAL22,19.369
2021-04-21,gas,CAL22,19.508
2021-04-22,gas,CAL22,19.024
2021-04-25,gas,CAL22,18.892
2021-04-26,gas,CAL22,19.429
2021-04-27,gas,CAL22,19.552
2021-04-28,gas,CAL22,20.091
2021-04-29,gas,CAL22,20.38
2021-05-02,gas,CAL22,20.888
2021-05-03,gas,CAL22,20.6
2021-05-04,gas,CAL22,21.1
2021-05-05,gas,CAL22,21.375
2021-05-06,gas,CAL22,21.25
2021-05-09,gas,CAL22,22.075
2021-05-10,gas,CAL22,22.65
2021-05-11,gas,CAL22,23.2
2021-05-12,gas,CAL22,22.769
2021-05-13,gas,CAL22,22.996
2021-05-16,gas,CAL22,22.777
2021-05-17,gas,CAL22,21.792
2021-05-18,gas,CAL22,20.075
2021-05-19,gas,CAL22,21.223
2021-05-20,gas,CAL22,21.116
2021-05-23,gas,CAL22,21.081
2021-05-24,gas,CAL22,21.821
2021-05-25,gas,CAL22,21.912
2021-05-26,gas,CAL22,21.259
2021-05-27,gas,CAL22,21.126
2021-05-30,gas,CAL22,21.256
2021-05-31,gas,CAL22,21.541
2021-06-01,gas,CAL22,21.097
2021-06-02,gas,CAL22,21.08
2021-06-03,gas,CAL22,21.139
2021-06-06,gas,CAL22,21.721
2021-06-07,gas,CAL22,22.209
2021-06-08,gas,CAL22,22.573
2021-06-09,gas,CAL22,22.927
2021-06-10,gas,CAL22,22.42
2021-06-13,gas,CAL22,22.857
2021-06-14,gas,CAL22,22.384
2021-06-15,gas,CAL22,22.143
2021-06-16,gas,CAL22,22.411
2021-06-17,gas,CAL22,23.032
2021-06-20,gas,CAL22,23.294
2021-06-21,gas,CAL22,23.804
2021-06-22,gas,CAL22,24.357
2021-06-23,gas,CAL22,24.412
2021-06-24,gas,CAL22,24.77
2021-06-27,gas,CAL22,24.842
2021-06-28,gas,CAL22,25.323
2021-06-29,gas,CAL22,25.922
2021-06-30,gas,CAL22,26.443
2021-07-01,gas,CAL22,26.17
2021-07-04,gas,CAL22,26.942
2021-07-05,gas,CAL22,26.4
2021-07-06,gas,CAL22,26.4
2021-07-07,gas,CAL22,26.4
2021-07-08,gas,CAL22,26.4
2021-07-11,gas,CAL22,26.4
2021-07-12,gas,CAL22,25.85
2021-07-13,gas,CAL22,25.725
2021-07-14,gas,CAL22,25.6
2021-07-15,gas,CAL22,25.534
2021-07-18,gas,CAL22,25.781
2021-07-19,gas,CAL22,25.517
2021-07-20,gas,CAL22,25.78
2021-07-21,gas,CAL22,25.893
2021-07-22,gas,CAL22,25.92
2021-07-25,gas,CAL22,26.204
2021-07-26,gas,CAL22,26.5
2021-07-27,gas,CAL22,27.831
2021-07-28,gas,CAL22,27.831
2021-07-29,gas,CAL22,27.712
2021-08-01,gas,CAL22,28.154
2021-08-02,gas,CAL22,27.903
2021-08-03,gas,CAL22,28.724
2021-08-04,gas,CAL22,29.643
2021-08-05,gas,CAL22,30.485
2021-08-08,gas,CAL22,30.417
2021-08-09,gas,CAL22,31.478
2021-08-10,gas,CAL22,32.278
2021-08-11,gas,CAL22,32.654
2021-08-12,gas,CAL22,32.413
2021-08-15,gas,CAL22,33.897
2021-08-16,gas,CAL22,33.506
2021-08-17,gas,CAL22,32.455
2021-08-18,gas,CAL22,29.769
2021-08-19,gas,CAL22,30.709
2021-08-22,gas,CAL22,30.979
2021-08-23,gas,CAL22,32.302
2021-08-24,gas,CAL22,32.166
2021-08-25,gas,CAL22,32.417
2021-08-26,gas,CAL22,33.074
2021-08-29,gas,CAL22,33.655
2021-08-30,gas,CAL22,33.896
2021-08-31,gas,CAL22,33.909
2021-09-01,gas,CAL22,34.763
2021-09-02,gas,CAL22,34.702
2021-09-05,gas,CAL22,35.556
2021-09-06,gas,CAL22,35.943
2021-09-07,gas,CAL22,37.328
2021-09-08,gas,CAL22,38.193
2021-09-09,gas,CAL22,38.044
2021-09-12,gas,CAL22,39.283
2021-09-13,gas,CAL22,40.745
2021-09-14,gas,CAL22,42.29
2021-09-15,gas,CAL22,39.536
2021-09-16,gas,CAL22,40.405
2021-09-19,gas,CAL22,43.478
2021-09-20,gas,CAL22,43.183
2021-09-21,gas,CAL22,43.086
2021-09-22,gas,CAL22,43.194
2021-09-23,gas,CAL22,44.768
2021-09-26,gas,CAL22,48.969
2021-09-27,gas,CAL22,49.267
2021-09-28,gas,CAL22,52.249
2021-09-29,gas,CAL22,57.675
2021-09-30,gas,CAL22,56.967
2021-10-03,gas,CAL22,59.3
2021-10-04,gas,CAL22,66.116
2021-10-05,gas,CAL22,64.477
2021-10-06,gas,CAL22,55.795
2021-10-07,gas,CAL22,52.125
2021-10-10,gas,CAL22,53.358
2021-10-11,gas,CAL22,53.704
2021-10-12,gas,CAL22,55.747
2021-10-13,gas,CAL22,60.522
2021-10-14,gas,CAL22,58.757
2021-10-17,gas,CAL22,59.32
2021-10-18,gas,CAL22,58.311
2021-10-19,gas,CAL22,59.616
2021-10-20,gas,CAL22,57.087
2021-10-21,gas,CAL22,56.866
2021-10-24,gas,CAL22,58.063
2021-10-25,gas,CAL22,58.265
2021-10-26,gas,CAL22,57.706
2021-10-27,gas,CAL22,53.423
2021-10-28,gas,CAL22,48.475
2021-10-31,gas,CAL22,46.0
2021-11-01,gas,CAL22,48.343
2021-11-02,gas,CAL22,52.617
2021-11-03,gas,CAL22,50.517
2021-11-04,gas,CAL22,49.83
2021-11-07,gas,CAL22,52.215
2021-11-08,gas,CAL22,48.767
2021-11-09,gas,CAL22,48.477
2021-11-10,gas,CAL22,49.96
2021-11-11,gas,CAL22,50.058
2021-11-14,gas,CAL22,51.74
2021-11-15,gas,CAL22,56.961
2021-11-16,gas,CAL22,57.101
2021-11-17,gas,CAL22,58.012
2021-11-18,gas,CAL22,54.636
2021-11-21,gas,CAL22,53.609
2021-11-22,gas,CAL22,56.505
2021-11-23,gas,CAL22,58.289
2021-11-24,gas,CAL22,58.814
2021-11-25,gas,CAL22,55.986
2021-11-28,gas,CAL22,58.173
2021-11-29,gas,CAL22,57.195
2021-11-30,gas,CAL22,58.857
2021-12-01,gas,CAL22,59.164
2021-12-02,gas,CAL22,59.297
2021-12-05,gas,CAL22,60.514
2021-12-06,gas,CAL22,66.865
2021-12-07,gas,CAL22,75.324
2021-12-08,gas,CAL22,72.841
2021-12-09,gas,CAL22,79.153
2021-12-12,gas,CAL22,83.68
2021-12-13,gas,CAL22,85.401
2021-12-14,gas,CAL22,85.45
2021-12-15,gas,CAL22,92.414
2021-12-19,gas,CAL22,105.874
2021-12-20,gas,CAL22,139.482
2021-12-21,gas,CAL22,140.991
2021-12-22,gas,CAL22,113.691
2021-12-23,gas,CAL22,97.671
2021-12-26,gas,CAL22,93.234
2021-12-27,gas,CAL22,96.462
2021-12-28,gas,CAL22,90.902
2021-12-29,gas,CAL22,46.945
2022-01-02,gas,CAL23,46.16
2022-01-03,gas,CAL23,48.82
2022-01-04,gas,CAL23,50.52
2022-01-05,gas,CAL23,51.62
2022-01-06,gas,CAL23,49.047
2022-01-09,gas,CAL23,48.142
2022-01-10,gas,CAL23,46.55
2022-01-11,gas,CAL23,44.343
2022-01-12,gas,CAL23,44.755
2022-01-13,gas,CAL23,45.246
2022-01-16,gas,CAL23,44.305
2022-01-17,gas,CAL23,44.255
2022-01-18,gas,CAL23,43.698
2022-01-19,gas,CAL23,44.445
2022-01-20,gas,CAL23,45.625
2022-01-23,gas,CAL23,49.715
2022-01-24,gas,CAL23,50.945
2022-01-25,gas,CAL23,52.775
2022-01-26,gas,CAL23,54.723
2022-01-27,gas,CAL23,57.166
2022-01-30,gas,CAL23,55.386
2022-01-31,gas,CAL23,51.195
2022-02-01,gas,CAL23,52.162
2022-02-02,gas,CAL23,53.211
2022-02-03,gas,CAL23,55.636
2022-02-06,gas,CAL23,54.693
2022-02-07,gas,CAL23,54.016
2022-02-09,gas,CAL23,52.819
2022-02-10,gas,CAL23,55.108
2022-02-13,gas,CAL23,56.925
2022-02-14,gas,CAL23,52.294
2022-02-15,gas,CAL23,51.756
2022-02-16,gas,CAL23,52.993
2022-02-17,gas,CAL23,52.805
2022-02-20,gas,CAL23,52.784
2022-02-21,gas,CAL23,57.91
2022-02-22,gas,CAL23,63.389
2022-02-23,gas,CAL23,79.296
2022-02-24,gas,CAL23,62.552
2022-02-27,gas,CAL23,62.492
2022-02-28,gas,CAL23,69.877
2022-03-01,gas,CAL23,81.554
2022-03-02,gas,CAL23,79.571
2022-03-03,gas,CAL23,76.571
2022-03-06,gas,CAL23,84.242
2022-03-07,gas,CAL23,83.56
2022-03-08,gas,CAL23,76.723
2022-03-09,gas,CAL23,67.702
2022-03-10,gas,CAL23,72.837
2022-03-13,gas,CAL23,66.932
2022-03-14,gas,CAL23,70.677
2022-03-15,gas,CAL23,65.802
2022-03-16,gas,CAL23,66.454
2022-03-17,gas,CAL23,68.468
2022-03-20,gas,CAL23,68.171
2022-03-21,gas,CAL23,69.554
2022-03-22,gas,CAL23,76.481
2022-03-23,gas,CAL23,76.099
2022-03-24,gas,CAL23,73.243
2022-03-27,gas,CAL23,78.608
2022-03-28,gas,CAL23,75.445
2022-03-29,gas,CAL23,86.68
2022-03-30,gas,CAL23,89.098
2022-03-31,gas,CAL23,85.083
2022-04-03,gas,CAL23,83.22
2022-04-04,gas,CAL23,87.218
2022-04-05,gas,CAL23,88.88
2022-04-06,gas,CAL23,89.405
2022-04-07,gas,CAL23,90.173
2022-04-10,gas,CAL23,92.608
2022-04-11,gas,CAL23,89.533
2022-04-12,gas,CAL23,92.598
2022-04-13,gas,CAL23,89.503
2022-04-18,gas,CAL23,85.123
2022-04-19,gas,CAL23,89.715
2022-04-20,gas,CAL23,93.597
2022-04-21,gas,CAL23,90.218
2022-04-24,gas,CAL23,89.64
2022-04-25,gas,CAL23,89.122
2022-04-26,gas,CAL23,90.247
2022-04-27,gas,CAL23,88.203
2022-04-28,gas,CAL23,87.687
2022-05-01,gas,CAL23,83.162
2022-05-02,gas,CAL23,86.658
2022-05-03,gas,CAL23,97.46
2022-05-04,gas,CAL23,102.743
2022-05-05,gas,CAL23,100.193
2022-05-08,gas,CAL23,95.658
2022-05-09,gas,CAL23,96.408
2022-05-10,gas,CAL23,92.058
2022-05-11,gas,CAL23,98.533
2022-05-12,gas,CAL23,93.772
2022-05-15,gas,CAL23,83.6
2022-05-16,gas,CAL23,94.618
2022-05-17,gas,CAL23,92.933
2022-05-18,gas,CAL23,91.18
2022-05-19,gas,CAL23,90.368
2022-05-22,gas,CAL23,88.053
2022-05-23,gas,CAL23,88.62
2022-05-24,gas,CAL23,90.423
2022-05-25,gas,CAL23,90.733
2022-05-26,gas,CAL23,89.978
2022-05-29,gas,CAL23,90.595
2022-05-30,gas,CAL23,93.278
2022-05-31,gas,CAL23,90.865
2022-06-01,gas,CAL23,93.148
2022-06-02,gas,CAL23,92.635
2022-06-05,gas,CAL23,92.848
2022-06-06,gas,CAL23,91.223
2022-06-07,gas,CAL23,90.05
2022-06-08,gas,CAL23,90.013
2022-06-09,gas,CAL23,90.173
2022-06-12,gas,CAL23,87.65
2022-06-13,gas,CAL23,91.323
2022-06-14,gas,CAL23,99.263
2022-06-15,gas,CAL23,108.51
2022-06-16,gas,CAL23,99.1
2022-06-19,gas,CAL23,97.375
2022-06-20,gas,CAL23,101.05
2022-06-21,gas,CAL23,108.035
2022-06-22,gas,CAL23,112.093
2022-06-23,gas,CAL23,109.325
2022-06-26,gas,CAL23,108.25
2022-06-27,gas,CAL23,109.028
2022-06-28,gas,CAL23,115.888
2022-06-29,gas,CAL23,117.738
2022-06-30,gas,CAL23,118.838
2022-07-03,gas,CAL23,129.756
2022-07-04,gas,CAL23,132.998
2022-07-05,gas,CAL23,142.111
2022-07-06,gas,CAL23,155.523
2022-07-07,gas,CAL23,151.697
2022-07-10,gas,CAL23,148.72
2022-07-11,gas,CAL23,153.813
2022-07-12,gas,CAL23,156.515
2022-07-13,gas,CAL23,150.31
2022-07-14,gas,CAL23,139.238
2022-07-17,gas,CAL23,136.2
2022-07-18,gas,CAL23,134.798
2022-07-19,gas,CAL23,137.213
2022-07-20,gas,CAL23,135.288
2022-07-21,gas,CAL23,139.465
2022-07-24,gas,CAL23,146.768
2022-07-25,gas,CAL23,160.765
2022-07-26,gas,CAL23,156.498
2022-07-27,gas,CAL23,156.483
2022-07-28,gas,CAL23,156.625
2022-07-31,gas,CAL23,163.49
2022-08-01,gas,CAL23,166.925
2022-08-02,gas,CAL23,166.893
2022-08-03,gas,CAL23,168.578
2022-08-04,gas,CAL23,169.375
2022-08-07,gas,CAL23,168.7
2022-08-08,gas,CAL23,172.777
2022-08-09,gas,CAL23,185.698
2022-08-10,gas,CAL23,198.44
2022-08-11,gas,CAL23,196.34
2022-08-14,gas,CAL23,207.555
2022-08-15,gas,CAL23,213.5
2022-08-16,gas,CAL23,214.49
2022-08-17,gas,CAL23,228.995
2022-08-18,gas,CAL23,238.093
2022-08-21,gas,CAL23,259.33
2022-08-22,gas,CAL23,253.54
2022-08-23,gas,CAL23,275.838
2022-08-24,gas,CAL23,295.968
2022-08-25,gas,CAL23,317.513
2022-08-28,gas,CAL23,269.88
2022-08-29,gas,CAL23,232.243
2022-08-30,gas,CAL23,200.488
2022-08-31,gas,CAL23,202.603
2022-09-01,gas,CAL23,184.645
2022-09-04,gas,CAL23,215.225
2022-09-05,gas,CAL23,216.173
2022-09-06,gas,CAL23,204.67
2022-09-07,gas,CAL23,204.455
2022-09-08,gas,CAL23,197.03
2022-09-11,gas,CAL23,180.93
2022-09-12,gas,CAL23,186.258
2022-09-13,gas,CAL23,203.415
2022-09-14,gas,CAL23,209.773
2022-09-15,gas,CAL23,185.403
2022-09-18,gas,CAL23,180.108
2022-09-19,gas,CAL23,191.203
2022-09-20,gas,CAL23,193.048
2022-09-21,gas,CAL23,190.815
2022-09-22,gas,CAL23,191.575
2022-09-25,gas,CAL23,185.37
2022-09-26,gas,CAL23,203.398
2022-09-27,gas,CAL23,185.37
2022-09-28,gas,CAL23,187.743
2022-09-29,gas,CAL23,183.745
2022-10-02,gas,CAL23,174.01
2022-10-03,gas,CAL23,169.118
2022-10-04,gas,CAL23,180.518
2022-10-05,gas,CAL23,180.735
2022-10-06,gas,CAL23,173.073
2022-10-09,gas,CAL23,174.153
2022-10-10,gas,CAL23,177.58
2022-10-11,gas,CAL23,170.958
2022-10-12,gas,CAL23,164.02
2022-10-13,gas,CAL23,159.465
2022-10-16,gas,CAL23,155.93
2022-10-17,gas,CAL23,146.955
2022-10-18,gas,CAL23,142.5
2022-10-19,gas,CAL23,158.023
2022-10-20,gas,CAL23,151.509
2022-10-23,gas,CAL23,145.523
2022-10-24,gas,CAL23,144.5
2022-10-25,gas,CAL23,142.65
2022-10-26,gas,CAL23,144.888
2022-10-27,gas,CAL23,147.305
2022-10-30,gas,CAL23,135.275
2022-10-31,gas,CAL23,128.025
2022-11-01,gas,CAL23,136.268
2022-11-02,gas,CAL23,135.125
2022-11-03,gas,CAL23,128.66
2022-11-06,gas,CAL23,127.335
2022-11-07,gas,CAL23,132.508
2022-11-08,gas,CAL23,125.525
2022-11-09,gas,CAL23,126.645
2022-11-10,gas,CAL23,110.9
2022-11-13,gas,CAL23,126.208
2022-11-14,gas,CAL23,133.758
2022-11-15,gas,CAL23,126.388
2022-11-16,gas,CAL23,129.825
2022-11-17,gas,CAL23,127.803
2022-11-20,gas,CAL23,129.53
2022-11-21,gas,CAL23,134.965
2022-11-22,gas,CAL23,140.33
2022-11-23,gas,CAL23,134.37
2022-11-24,gas,CAL23,136.02
2022-11-27,gas,CAL23,132.418
2022-11-28,gas,CAL23,140.453
2022-11-29,gas,CAL23,149.945
2022-11-30,gas,CAL23,143.753
2022-12-01,gas,CAL23,142.645
2022-12-04,gas,CAL23,140.15
2022-12-05,gas,CAL23,143.9
2022-12-06,gas,CAL23,154.037
2022-12-07,gas,CAL23,144.861
2022-12-08,gas,CAL23,144.657
2022-12-11,gas,CAL23,142.245
2022-12-12,gas,CAL23,141.99
2022-12-13,gas,CAL23,135.515
2022-12-14,gas,CAL23,137.143
2022-12-15,gas,CAL23,119.993
2022-12-18,gas,CAL23,113.468
2022-12-19,gas,CAL23,112.308
2022-12-20,gas,CAL23,105.388
2022-12-21,gas,CAL23,98.723
2022-12-22,gas,CAL23,92.588
2022-12-26,gas,CAL23,89.238
2022-12-27,gas,CAL23,90.54
2022-12-28,gas,CAL23,86.765
2022-12-29,gas,CAL23,79.788
2023-01-01,gas,CAL24,80.65
2023-01-02,gas,CAL24,79.975
2023-01-03,gas,CAL24,74.635
2023-01-04,gas,CAL24,78.485
2023-01-05,gas,CAL24,76.853
2023-01-08,gas,CAL24,79.575
2023-01-09,gas,CAL24,77.328
2023-01-10,gas,CAL24,74.63
2023-01-11,gas,CAL24,74.068
2023-01-12,gas,CAL24,70.9
2023-01-15,gas,CAL24,64.465
2023-01-16,gas,CAL24,67.063
2023-01-17,gas,CAL24,69.455
2023-01-18,gas,CAL24,70.16
2023-01-19,gas,CAL24,74.046
2023-01-22,gas,CAL24,74.313
2023-01-23,gas,CAL24,68.09
2023-01-24,gas,CAL24,65.508
2023-01-25,gas,CAL24,65.688
2023-01-26,gas,CAL24,72.397
2023-01-29,gas,CAL24,67.45
2023-01-30,gas,CAL24,68.798
2023-01-31,gas,CAL24,68.705
2023-02-01,gas,CAL24,67.275
2023-02-02,gas,CAL24,68.088
2023-02-05,gas,CAL24,67.35
2023-02-06,gas,CAL24,65.538
2023-02-07,gas,CAL24,64.463
2023-02-08,gas,CAL24,63.463
2023-02-09,gas,CAL24,64.025
2023-02-12,gas,CAL24,62.493
2023-02-13,gas,CAL24,62.549
2023-02-14,gas,CAL24,63.313
2023-02-15,gas,CAL24,62.396
2023-02-16,gas,CAL24,60.477
2023-02-19,gas,CAL24,59.935
2023-02-20,gas,CAL24,58.735
2023-02-21,gas,CAL24,59.387
2023-02-22,gas,CAL24,60.166
2023-02-23,gas,CAL24,60.593
2023-02-26,gas,CAL24,58.181
2023-02-27,gas,CAL24,57.063
2023-02-28,gas,CAL24,56.779
2023-03-01,gas,CAL24,56.269
2023-03-02,gas,CAL24,54.532
2023-03-05,gas,CAL24,52.43
2023-03-06,gas,CAL24,53.167
2023-03-07,gas,CAL24,52.978
2023-03-08,gas,CAL24,53.157
2023-03-09,gas,CAL24,60.452
2023-03-12,gas,CAL24,59.278
2023-03-13,gas,CAL24,54.231
2023-03-14,gas,CAL24,53.224
2023-03-15,gas,CAL24,54.649
2023-03-16,gas,CAL24,53.957
2023-03-19,gas,CAL24,51.248
2023-03-20,gas,CAL24,53.999
2023-03-21,gas,CAL24,52.373
2023-03-22,gas,CAL24,54.808
2023-03-23,gas,CAL24,53.613
2023-03-26,gas,CAL24,54.082
2023-03-27,gas,CAL24,54.915
2023-03-28,gas,CAL24,54.337
2023-03-29,gas,CAL24,56.362
2023-03-30,gas,CAL24,60.644
2023-04-02,gas,CAL24,64.681
2023-04-03,gas,CAL24,62.175
2023-04-04,gas,CAL24,58.984
2023-04-05,gas,CAL24,57.669
2023-04-10,gas,CAL24,59.968
2023-04-11,gas,CAL24,60.68
2023-04-12,gas,CAL24,59.805
2023-04-13,gas,CAL24,59.267
2023-04-16,gas,CAL24,59.246
2023-04-17,gas,CAL24,60.061
2023-04-18,gas,CAL24,58.407
2023-04-19,gas,CAL24,58.267
2023-04-20,gas,CAL24,57.497
2023-04-23,gas,CAL24,57.077
2023-04-24,gas,CAL24,58.138
2023-04-25,gas,CAL24,58.177
2023-04-26,gas,CAL24,60.457
2023-04-27,gas,CAL24,54.915
2023-05-01,gas,CAL24,59.578
2023-05-02,gas,CAL24,58.487
2023-05-03,gas,CAL24,57.864
2023-05-04,gas,CAL24,58.117
2023-05-07,gas,CAL24,58.696
2023-05-08,gas,CAL24,59.5
2023-05-09,gas,CAL24,59.327
2023-05-10,gas,CAL24,59.457
2023-05-11,gas,CAL24,57.597
2023-05-14,gas,CAL24,54.459
2023-05-15,gas,CAL24,52.937
2023-05-16,gas,CAL24,54.395
2023-05-17,gas,CAL24,53.37
2023-05-18,gas,CAL24,53.749
2023-05-21,gas,CAL24,54.072
2023-05-22,gas,CAL24,54.362
2023-05-23,gas,CAL24,54.48
2023-05-24,gas,CAL24,50.678
2023-05-25,gas,CAL24,48.459
2023-05-28,gas,CAL24,48.23
2023-05-29,gas,CAL24,47.923
2023-05-30,gas,CAL24,48.672
2023-05-31,gas,CAL24,47.117
2023-06-01,gas,CAL24,47.059
2023-06-04,gas,CAL24,48.99
2023-06-05,gas,CAL24,46.564
2023-06-06,gas,CAL24,46.631
2023-06-07,gas,CAL24,47.624
2023-06-08,gas,CAL24,51.045
2023-06-12,gas,CAL24,54.32
2023-06-13,gas,CAL24,57.4
2023-06-14,gas,CAL24,59.207
2023-06-15,gas,CAL24,55.27
2023-06-18,gas,CAL24,55.133
2023-06-19,gas,CAL24,57.8
2023-06-20,gas,CAL24,57.02
2023-06-21,gas,CAL24,55.93
2023-06-22,gas,CAL24,54.97
2023-06-25,gas,CAL24,54.489
2023-06-26,gas,CAL24,55.17
2023-06-27,gas,CAL24,54.38
2023-06-28,gas,CAL24,55.344
2023-06-29,gas,CAL24,56.69
2023-07-02,gas,CAL24,54.82
2023-07-03,gas,CAL24,56.426
2023-07-04,gas,CAL24,57.051
2023-07-05,gas,CAL24,57.06
2023-07-06,gas,CAL24,58.82
2023-07-09,gas,CAL24,55.612
2023-07-10,gas,CAL24,53.52
2023-07-11,gas,CAL24,51.79
2023-07-12,gas,CAL24,52.084
2023-07-13,gas,CAL24,52.473
2023-07-16,gas,CAL24,52.11
2023-07-17,gas,CAL24,54.588
2023-07-18,gas,CAL24,56.07
2023-07-19,gas,CAL24,56.99
2023-07-20,gas,CAL24,56.183
2023-07-23,gas,CAL24,57.25
2023-07-24,gas,CAL24,58.4
2023-07-25,gas,CAL24,56.236
2023-07-26,gas,CAL24,56.19
2023-07-27,gas,CAL24,53.997
2023-07-30,gas,CAL24,55.049
2023-07-31,gas,CAL24,53.61
2023-08-01,gas,CAL24,53.356
2023-08-02,gas,CAL24,53.55
2023-08-03,gas,CAL24,53.097
2023-08-06,gas,CAL24,53.66
2023-08-07,gas,CAL24,54.102
2023-08-08,gas,CAL24,56.931
2023-08-09,gas,CAL24,55.603
2023-08-10,gas,CAL24,55.641
2023-08-13,gas,CAL24,55.669
2023-08-14,gas,CAL24,59.24
2023-08-15,gas,CAL24,58.979
2023-08-16,gas,CAL24,58.698
2023-08-20,gas,CAL24,60.888
2023-08-21,gas,CAL24,61.692
2023-08-22,gas,CAL24,59.07
2023-08-23,gas,CAL24,54.7
2023-08-24,gas,CAL24,56.131
2023-08-27,gas,CAL24,58.948
2023-08-28,gas,CAL24,57.046
2023-08-29,gas,CAL24,57.63
2023-08-30,gas,CAL24,56.31
2023-08-31,gas,CAL24,56.137
2023-09-03,gas,CAL24,55.246
2023-09-04,gas,CAL24,56.055
2023-09-05,gas,CAL24,54.097
2023-09-06,gas,CAL24,54.39
2023-09-07,gas,CAL24,54.328
2023-09-10,gas,CAL24,55.024
2023-09-11,gas,CAL24,54.686
2023-09-12,gas,CAL24,55.907
2023-09-13,gas,CAL24,55.102
2023-09-14,gas,CAL24,55.435
2023-09-17,gas,CAL24,54.136
2023-09-18,gas,CAL24,54.433
2023-09-19,gas,CAL24,53.383
2023-09-20,gas,CAL24,53.373
2023-09-21,gas,CAL24,53.333
2023-09-24,gas,CAL24,54.982
2023-09-25,gas,CAL24,52.303
2023-09-26,gas,CAL24,51.838
2023-09-27,gas,CAL24,51.062
2023-09-28,gas,CAL24,50.858
2023-10-01,gas,CAL24,49.544
2023-10-02,gas,CAL24,47.576
2023-10-03,gas,CAL24,48.654
2023-10-04,gas,CAL24,47.558
2023-10-05,gas,CAL24,48.75
2023-10-08,gas,CAL24,51.45
2023-10-09,gas,CAL24,55.435
2023-10-10,gas,CAL24,53.48
2023-10-11,gas,CAL24,58.014
2023-10-12,gas,CAL24,59.23
2023-10-15,gas,CAL24,56.184
2023-10-16,gas,CAL24,56.529
2023-10-17,gas,CAL24,58.809
2023-10-18,gas,CAL24,58.798
2023-10-19,gas,CAL24,59.385
2023-10-22,gas,CAL24,59.554
2023-10-23,gas,CAL24,57.002
2023-10-24,gas,CAL24,56.241
2023-10-25,gas,CAL24,56.72
2023-10-26,gas,CAL24,56.646
2023-10-29,gas,CAL24,56.823
2023-10-30,gas,CAL24,52.124
2023-10-31,gas,CAL24,52.264
2023-11-01,gas,CAL24,52.942
2023-11-02,gas,CAL24,52.837
2023-11-05,gas,CAL24,49.69
2023-11-06,gas,CAL24,50.386
2023-11-07,gas,CAL24,50.073
2023-11-08,gas,CAL24,52.147
2023-11-09,gas,CAL24,50.777
2023-11-12,gas,CAL24,51.635
2023-11-13,gas,CAL24,51.854
2023-11-14,gas,CAL24,51.153
2023-11-15,gas,CAL24,50.413
2023-11-16,gas,CAL24,49.536
2023-11-19,gas,CAL24,49.892
2023-11-20,gas,CAL24,48.637
2023-11-21,gas,CAL24,49.175
2023-11-22,gas,CAL24,50.525
2023-11-23,gas,CAL24,50.442
2023-11-26,gas,CAL24,48.343
2023-11-27,gas,CAL24,47.048
2023-11-28,gas,CAL24,44.538
2023-11-29,gas,CAL24,45.512
2023-11-30,gas,CAL24,46.733
2023-12-03,gas,CAL24,43.877
2023-12-04,gas,CAL24,41.56
2023-12-05,gas,CAL24,42.789
2023-12-06,gas,CAL24,43.379
2023-12-07,gas,CAL24,42.07
2023-12-10,gas,CAL24,40.213
2023-12-11,gas,CAL24,38.746
2023-12-12,gas,CAL24,39.876
2023-12-13,gas,CAL24,38.81
2023-12-14,gas,CAL24,37.638
2023-12-17,gas,CAL24,39.267
2023-12-18,gas,CAL24,36.962
2023-12-19,gas,CAL24,37.704
2023-12-20,gas,CAL24,38.033
2023-12-21,gas,CAL24,38.4
2023-12-26,gas,CAL24,39.364
2023-12-27,gas,CAL24,38.94
2023-12-28,gas,CAL24,37.884
2024-01-01,gas,CAL25,36.638
2024-01-02,gas,CAL25,37.793
2024-01-03,gas,CAL25,38.427
2024-01-04,gas,CAL25,38.97
2024-01-07,gas,CAL25,37.147
2024-01-08,gas,CAL25,36.794
2024-01-09,gas,CAL25,36.911
2024-01-10,gas,CAL25,36.844
2024-01-11,gas,CAL25,37.2
2024-01-14,gas,CAL25,36.188
2024-01-15,gas,CAL25,36.032
2024-01-16,gas,CAL25,34.639
2024-01-17,gas,CAL25,34.985
2024-01-18,gas,CAL25,35.448
2024-01-21,gas,CAL25,34.813
2024-01-22,gas,CAL25,34.888
2024-01-23,gas,CAL25,35.963
2024-01-24,gas,CAL25,35.267
2024-01-25,gas,CAL25,35.385
2024-01-28,gas,CAL25,35.308
2024-01-29,gas,CAL25,35.716
2024-01-30,gas,CAL25,36.383
2024-01-31,gas,CAL25,36.005
2024-02-01,gas,CAL25,35.914
2024-02-04,gas,CAL25,34.966
2024-02-05,gas,CAL25,34.798
2024-02-06,gas,CAL25,34.273
2024-02-07,gas,CAL25,33.463
2024-02-08,gas,CAL25,32.483
2024-02-11,gas,CAL25,32.209
2024-02-12,gas,CAL25,31.974
2024-02-13,gas,CAL25,31.338
2024-02-14,gas,CAL25,31.48
2024-02-15,gas,CAL25,31.519
2024-02-18,gas,CAL25,30.74
2024-02-19,gas,CAL25,31.509
2024-02-20,gas,CAL25,31.495
2024-02-21,gas,CAL25,30.883
2024-02-22,gas,CAL25,30.292
2024-02-25,gas,CAL25,30.785
2024-02-26,gas,CAL25,31.495
2024-02-27,gas,CAL25,32.613
2024-02-28,gas,CAL25,32.414
2024-02-29,gas,CAL25,32.535
2024-03-03,gas,CAL25,33.34
2024-03-04,gas,CAL25,33.893
2024-03-05,gas,CAL25,33.323
2024-03-06,gas,CAL25,32.83
2024-03-07,gas,CAL25,33.013
2024-03-10,gas,CAL25,32.046
2024-03-11,gas,CAL25,31.711
2024-03-12,gas,CAL25,31.525
2024-03-13,gas,CAL25,32.565
2024-03-14,gas,CAL25,33.05
2024-03-17,gas,CAL25,34.168
2024-03-18,gas,CAL25,34.438
2024-03-19,gas,CAL25,33.769
2024-03-20,gas,CAL25,32.85
2024-03-21,gas,CAL25,33.998
2024-03-24,gas,CAL25,34.715
2024-03-25,gas,CAL25,34.074
2024-03-26,gas,CAL25,34.589
2024-03-27,gas,CAL25,34.24
2024-04-01,gas,CAL25,33.48
2024-04-02,gas,CAL25,33.15
2024-04-03,gas,CAL25,33.648
2024-04-04,gas,CAL25,34.455
2024-04-07,gas,CAL25,35.719
2024-04-08,gas,CAL25,35.488
2024-04-09,gas,CAL25,35.557
2024-04-10,gas,CAL25,37.658
2024-04-11,gas,CAL25,38.659
2024-04-14,gas,CAL25,38.562
2024-04-15,gas,CAL25,39.749
2024-04-16,gas,CAL25,37.91
2024-04-17,gas,CAL25,38.765
2024-04-18,gas,CAL25,37.197
2024-04-21,gas,CAL25,36.193
2024-04-22,gas,CAL25,35.694
2024-04-23,gas,CAL25,36.11
2024-04-24,gas,CAL25,36.724
2024-04-25,gas,CAL25,36.315
2024-04-28,gas,CAL25,35.494
2024-04-29,gas,CAL25,36.533
2024-05-01,gas,CAL25,38.189
2024-05-02,gas,CAL25,37.863
2024-05-05,gas,CAL25,38.582
2024-05-06,gas,CAL25,38.225
2024-05-08,gas,CAL25,38.301
2024-05-09,gas,CAL25,37.766
2024-05-12,gas,CAL25,37.482
2024-05-13,gas,CAL25,37.951
2024-05-14,gas,CAL25,37.859
2024-05-15,gas,CAL25,38.326
2024-05-16,gas,CAL25,38.617
2024-05-19,gas,CAL25,39.266
2024-05-20,gas,CAL25,40.633
2024-05-21,gas,CAL25,41.373
2024-05-22,gas,CAL25,42.4
2024-05-23,gas,CAL25,41.157
2024-05-26,gas,CAL25,42.006
2024-05-27,gas,CAL25,41.488
2024-05-28,gas,CAL25,41.438
2024-05-29,gas,CAL25,42.163
2024-05-30,gas,CAL25,41.084
2024-06-02,gas,CAL25,41.788
2024-06-03,gas,CAL25,40.194
2024-06-04,gas,CAL25,39.538
2024-06-05,gas,CAL25,39.647
2024-06-06,gas,CAL25,39.15
2024-06-09,gas,CAL25,39.6
2024-06-10,gas,CAL25,39.75
2024-06-11,gas,CAL25,40.219
2024-06-12,gas,CAL25,40.527
2024-06-13,gas,CAL25,40.358
2024-06-16,gas,CAL25,39.651
2024-06-17,gas,CAL25,39.678
2024-06-18,gas,CAL25,40.807
2024-06-19,gas,CAL25,40.496
2024-06-20,gas,CAL25,39.603
2024-06-23,gas,CAL25,39.822
2024-06-24,gas,CAL25,40.303
2024-06-25,gas,CAL25,39.325
2024-06-26,gas,CAL25,40.155
2024-06-27,gas,CAL25,40.142
2024-06-30,gas,CAL25,39.699
2024-07-01,gas,CAL25,40.405
2024-07-02,gas,CAL25,39.936
2024-07-03,gas,CAL25,40.215
2024-07-04,gas,CAL25,39.983
2024-07-07,gas,CAL25,39.49
2024-07-08,gas,CAL25,38.659
2024-07-09,gas,CAL25,38.293
2024-07-10,gas,CAL25,38.596
2024-07-11,gas,CAL25,38.997
2024-07-14,gas,CAL25,38.714
2024-07-15,gas,CAL25,39.564
2024-07-16,gas,CAL25,38.867
2024-07-17,gas,CAL25,39.277
2024-07-18,gas,CAL25,38.964
2024-07-21,gas,CAL25,38.676
2024-07-22,gas,CAL25,38.651
2024-07-23,gas,CAL25,39.505
2024-07-24,gas,CAL25,39.085
2024-07-25,gas,CAL25,39.499
2024-07-28,gas,CAL25,40.454
2024-07-29,gas,CAL25,40.772
2024-07-30,gas,CAL25,41.333
2024-07-31,gas,CAL25,42.074
2024-08-01,gas,CAL25,41.824
2024-08-04,gas,CAL25,40.803
2024-08-05,gas,CAL25,41.239
2024-08-06,gas,CAL25,42.516
2024-08-07,gas,CAL25,43.634
2024-08-08,gas,CAL25,43.948
2024-08-11,gas,CAL25,43.736
2024-08-12,gas,CAL25,43.7
2024-08-13,gas,CAL25,43.808
2024-08-14,gas,CAL25,44.284
2024-08-15,gas,CAL25,44.476
2024-08-18,gas,CAL25,44.288
2024-08-19,gas,CAL25,42.646
2024-08-20,gas,CAL25,41.877
2024-08-21,gas,CAL25,41.728
2024-08-22,gas,CAL25,42.097
2024-08-25,gas,CAL25,42.686
2024-08-26,gas,CAL25,43.102
2024-08-27,gas,CAL25,42.677
2024-08-28,gas,CAL25,42.575
2024-08-29,gas,CAL25,43.005
2024-09-01,gas,CAL25,42.301
2024-09-02,gas,CAL25,41.269
2024-09-03,gas,CAL25,40.331
2024-09-04,gas,CAL25,40.488
2024-09-05,gas,CAL25,40.555
2024-09-08,gas,CAL25,40.986
2024-09-09,gas,CAL25,39.465
2024-09-10,gas,CAL25,39.759
2024-09-11,gas,CAL25,38.855
2024-09-12,gas,CAL25,39.149
2024-09-15,gas,CAL25,38.165
2024-09-16,gas,CAL25,39.638
2024-09-17,gas,CAL25,39.624
2024-09-18,gas,CAL25,37.154
2024-09-19,gas,CAL25,38.088
2024-09-22,gas,CAL25,39.156
2024-09-23,gas,CAL25,38.637
2024-09-24,gas,CAL25,39.82
2024-09-25,gas,CAL25,40.136
2024-09-26,gas,CAL25,40.264
2024-09-29,gas,CAL25,40.67
2024-09-30,gas,CAL25,40.953
2024-10-01,gas,CAL25,40.799
2024-10-02,gas,CAL25,41.526
2024-10-03,gas,CAL25,42.339
2024-10-06,gas,CAL25,41.974
2024-10-07,gas,CAL25,41.094
2024-10-08,gas,CAL25,40.408
2024-10-09,gas,CAL25,41.935
2024-10-10,gas,CAL25,41.576
2024-10-13,gas,CAL25,42.273
2024-10-14,gas,CAL25,41.689
2024-10-15,gas,CAL25,41.181
2024-10-16,gas,CAL25,41.273
2024-10-17,gas,CAL25,40.943
2024-10-20,gas,CAL25,41.208
2024-10-21,gas,CAL25,42.008
2024-10-22,gas,CAL25,42.536
2024-10-23,gas,CAL25,43.156
2024-10-24,gas,CAL25,44.168
2024-10-27,gas,CAL25,43.397
2024-10-28,gas,CAL25,43.622
2024-10-29,gas,CAL25,42.277
2024-10-30,gas,CAL25,41.754
2024-10-31,gas,CAL25,40.377
2024-11-03,gas,CAL25,41.284
2024-11-04,gas,CAL25,41.462
2024-11-05,gas,CAL25,41.275
2024-11-06,gas,CAL25,42.21
2024-11-07,gas,CAL25,42.915
2024-11-10,gas,CAL25,44.06
2024-11-11,gas,CAL25,44.589
2024-11-12,gas,CAL25,44.026
2024-11-13,gas,CAL25,46.081
2024-11-14,gas,CAL25,46.477
2024-11-17,gas,CAL25,46.847
2024-11-18,gas,CAL25,45.807
2024-11-19,gas,CAL25,46.778
2024-11-20,gas,CAL25,48.458
2024-11-21,gas,CAL25,47.233
2024-11-24,gas,CAL25,47.856
2024-11-25,gas,CAL25,47.621
2024-11-26,gas,CAL25,47.21
2024-11-27,gas,CAL25,46.932
2024-11-28,gas,CAL25,47.746
2024-12-01,gas,CAL25,48.71
2024-12-02,gas,CAL25,48.569
2024-12-03,gas,CAL25,47.332
2024-12-04,gas,CAL25,47.185
2024-12-05,gas,CAL25,46.986
2024-12-08,gas,CAL25,45.745
2024-12-09,gas,CAL25,46.339
2024-12-10,gas,CAL25,45.838
2024-12-11,gas,CAL25,44.391
2024-12-12,gas,CAL25,43.176
2024-12-15,gas,CAL25,42.495
2024-12-16,gas,CAL25,43.994
2024-12-17,gas,CAL25,43.367
2024-12-18,gas,CAL25,45.133
2024-12-19,gas,CAL25,45.738
2024-12-22,gas,CAL25,47.158
2024-12-23,gas,CAL25,47.678
2024-12-26,gas,CAL25,49.134
2024-12-29,gas,CAL25,40.943
2024-12-30,gas,CAL25,40.943
2025-01-01,gas,CAL26,42.559
2025-01-02,gas,CAL26,42.686
2025-01-05,gas,CAL26,42.053
2025-01-06,gas,CAL26,42.255
2025-01-07,gas,CAL26,41.212
2025-01-08,gas,CAL26,40.835
2025-01-09,gas,CAL26,41.397
2025-01-12,gas,CAL26,43.114
2025-01-13,gas,CAL26,42.259
2025-01-14,gas,CAL26,42.159
2025-01-15,gas,CAL26,41.959
2025-01-16,gas,CAL26,42.543
2025-01-19,gas,CAL26,42.471
2025-01-20,gas,CAL26,42.679
2025-01-21,gas,CAL26,41.648
2025-01-22,gas,CAL26,41.888
2025-01-23,gas,CAL26,42.052
2025-01-26,gas,CAL26,41.304
2025-01-27,gas,CAL26,41.36
2025-01-28,gas,CAL26,42.546
2025-01-29,gas,CAL26,42.145
2025-01-30,gas,CAL26,43.403
2025-02-02,gas,CAL26,43.837
2025-02-03,gas,CAL26,43.588
2025-02-04,gas,CAL26,44.613
2025-02-05,gas,CAL26,45.36
2025-02-06,gas,CAL26,46.188
2025-02-09,gas,CAL26,47.219
2025-02-10,gas,CAL26,47.39
2025-02-11,gas,CAL26,47.056
2025-02-12,gas,CAL26,43.588
2025-02-13,gas,CAL26,42.581
2025-02-16,gas,CAL26,40.594
2025-02-17,gas,CAL26,41.57
2025-02-18,gas,CAL26,41.134
2025-02-19,gas,CAL26,41.062
2025-02-20,gas,CAL26,41.134
2025-02-23,gas,CAL26,40.792
2025-02-24,gas,CAL26,39.032
2025-02-25,gas,CAL26,38.058
2025-02-26,gas,CAL26,39.851
2025-02-27,gas,CAL26,39.62
2025-03-02,gas,CAL26,39.973
2025-03-03,gas,CAL26,38.092
2025-03-04,gas,CAL26,36.716
2025-03-05,gas,CAL26,34.908
2025-03-06,gas,CAL26,36.251
2025-03-09,gas,CAL26,37.322
2025-03-10,gas,CAL26,38.076
2025-03-11,gas,CAL26,37.464
2025-03-12,gas,CAL26,37.123
2025-03-13,gas,CAL26,36.758
2025-03-16,gas,CAL26,36.291
2025-03-17,gas,CAL26,36.044
2025-03-18,gas,CAL26,37.918
2025-03-19,gas,CAL26,38.041
2025-03-20,gas,CAL26,38.398
2025-03-23,gas,CAL26,38.761
2025-03-24,gas,CAL26,37.885
2025-03-25,gas,CAL26,37.82
2025-03-26,gas,CAL26,37.998
2025-03-27,gas,CAL26,37.751
2025-03-30,gas,CAL26,38.457
2025-03-31,gas,CAL26,39.501
2025-04-01,gas,CAL26,39.126
2025-04-02,gas,CAL26,37.52
2025-04-03,gas,CAL26,35.917
2025-04-06,gas,CAL26,36.72
2025-04-07,gas,CAL26,36.333
2025-04-08,gas,CAL26,35.045
2025-04-09,gas,CAL26,34.878
2025-04-10,gas,CAL26,35.008
2025-04-13,gas,CAL26,35.434
2025-04-14,gas,CAL26,35.699
2025-04-15,gas,CAL26,35.723
2025-04-16,gas,CAL26,36.174
2025-04-21,gas,CAL26,34.954
2025-04-22,gas,CAL26,34.958
2025-04-23,gas,CAL26,34.551
2025-04-24,gas,CAL26,33.529
2025-04-27,gas,CAL26,33.745
2025-04-28,gas,CAL26,33.548
2025-04-29,gas,CAL26,34.47
2025-05-01,gas,CAL26,34.947
2025-05-04,gas,CAL26,35.049
2025-05-05,gas,CAL26,36.372
2025-05-06,gas,CAL26,36.333
2025-05-07,gas,CAL26,36.747
2025-05-08,gas,CAL26,36.479
2025-05-11,gas,CAL26,37.083
2025-05-12,gas,CAL26,37.324
2025-05-13,gas,CAL26,36.791
2025-05-14,gas,CAL26,37.011
2025-05-15,gas,CAL26,36.971
2025-05-18,gas,CAL26,36.872
2025-05-19,gas,CAL26,37.89
2025-05-20,gas,CAL26,38.002
2025-05-21,gas,CAL26,37.899
2025-05-22,gas,CAL26,38.035
2025-05-25,gas,CAL26,38.635
2025-05-26,gas,CAL26,38.361
2025-05-27,gas,CAL26,38.197
2025-05-28,gas,CAL26,37.189
2025-05-29,gas,CAL26,36.211
2025-06-01,gas,CAL26,36.725
2025-06-02,gas,CAL26,37.338
2025-06-03,gas,CAL26,36.935
2025-06-04,gas,CAL26,37.625
2025-06-05,gas,CAL26,37.558
2025-06-08,gas,CAL26,37.208
2025-06-09,gas,CAL26,36.517
2025-06-10,gas,CAL26,37.381
2025-06-11,gas,CAL26,37.564
2025-06-12,gas,CAL26,38.759
2025-06-15,gas,CAL26,38.941
2025-06-16,gas,CAL26,39.813
2025-06-17,gas,CAL26,39.545
2025-06-18,gas,CAL26,41.213
2025-06-19,gas,CAL26,40.8
2025-06-22,gas,CAL26,40.42
2025-06-23,gas,CAL26,37.421
2025-06-24,gas,CAL26,37.56
2025-06-25,gas,CAL26,36.91
2025-06-26,gas,CAL26,36.547
2025-06-29,gas,CAL26,35.858
2025-06-30,gas,CAL26,36.039
2025-07-01,gas,CAL26,36.368
2025-07-02,gas,CAL26,36.475
2025-07-03,gas,CAL26,36.446
2025-07-06,gas,CAL26,36.421
2025-07-07,gas,CAL26,36.685
2025-07-08,gas,CAL26,36.84
2025-07-09,gas,CAL26,37.212
2025-07-10,gas,CAL26,37.409
2025-07-13,gas,CAL26,37.48
2025-07-14,gas,CAL26,36.823
2025-07-15,gas,CAL26,36.894
2025-07-16,gas,CAL26,36.767
2025-07-17,gas,CAL26,36.36
2025-07-20,gas,CAL26,35.678
2025-07-21,gas,CAL26,35.652
2025-07-22,gas,CAL26,35.542
2025-07-23,gas,CAL26,35.58
2025-07-24,gas,CAL26,35.636
2025-07-27,gas,CAL26,36.093
2025-07-28,gas,CAL26,36.981
2025-07-29,gas,CAL26,37.206
2025-07-30,gas,CAL26,37.345
2025-07-31,gas,CAL26,36.203
2025-08-03,gas,CAL26,36.465
2025-08-04,gas,CAL26,36.4
2025-08-05,gas,CAL26,35.71
2025-08-06,gas,CAL26,35.351
2025-08-07,gas,CAL26,34.87
2025-08-10,gas,CAL26,35.25
2025-08-11,gas,CAL26,34.968
2025-08-12,gas,CAL26,34.97
2025-08-13,gas,CAL26,34.753
2025-08-14,gas,CAL26,33.542
2025-08-17,gas,CAL26,33.673
2025-08-18,gas,CAL26,33.655
2025-08-19,gas,CAL26,34.13
2025-08-20,gas,CAL26,35.085
2025-08-21,gas,CAL26,35.194
2025-08-24,gas,CAL26,35.45
2025-08-25,gas,CAL26,35.006
2025-08-26,gas,CAL26,34.407
2025-08-27,gas,CAL26,33.795
2025-08-28,gas,CAL26,33.86
2025-08-31,gas,CAL26,34.279
2025-09-01,gas,CAL26,34.112
2025-09-02,gas,CAL26,34.392
2025-09-03,gas,CAL26,34.635
2025-09-04,gas,CAL26,34.163
2025-09-07,gas,CAL26,34.949
2025-09-08,gas,CAL26,34.663
2025-09-09,gas,CAL26,34.941
2025-09-10,gas,CAL26,34.439
2025-09-11,gas,CAL26,34.722
2025-09-14,gas,CAL26,34.429
2025-09-15,gas,CAL26,34.543
2025-09-16,gas,CAL26,34.637
2025-09-17,gas,CAL26,34.932
2025-09-18,gas,CAL26,34.501
2025-09-21,gas,CAL26,34.137
2025-09-22,gas,CAL26,34.18
2025-09-23,gas,CAL26,34.171
2025-09-24,gas,CAL26,34.375
2025-09-25,gas,CAL26,34.609
2025-09-28,gas,CAL26,34.173
2025-09-29,gas,CAL26,33.336
2025-09-30,gas,CAL26,33.318
2025-10-01,gas,CAL26,33.394
2025-10-02,gas,CAL26,33.28
2025-10-05,gas,CAL26,34.332
2025-10-06,gas,CAL26,34.353
2025-10-07,gas,CAL26,34.114
2025-10-08,gas,CAL26,34.015
2025-10-09,gas,CAL26,33.726
2025-10-12,gas,CAL26,33.233
2025-10-13,gas,CAL26,33.426
2025-10-14,gas,CAL26,33.393
2025-10-15,gas,CAL26,33.643
2025-10-16,gas,CAL26,33.22
2025-10-19,gas,CAL26,33.11
2025-10-20,gas,CAL26,33.547
2025-10-21,gas,CAL26,33.413
2025-10-22,gas,CAL26,33.889
2025-10-23,gas,CAL26,33.613
2025-10-26,gas,CAL26,33.02
2025-10-27,gas,CAL26,33.06
2025-10-28,gas,CAL26,33.148
2025-10-29,gas,CAL26,32.853
2025-10-30,gas,CAL26,32.657
2025-11-02,gas,CAL26,33.353
2025-11-03,gas,CAL26,33.802
2025-11-04,gas,CAL26,33.393
2025-11-05,gas,CAL26,33.184
2025-11-06,gas,CAL26,32.928
2025-11-09,gas,CAL26,32.854
2025-11-10,gas,CAL26,32.847
2025-11-11,gas,CAL26,32.58
2025-11-12,gas,CAL26,32.279
2025-11-13,gas,CAL26,32.802
2025-11-16,gas,CAL26,32.848
2025-11-17,gas,CAL26,32.975
2025-11-18,gas,CAL26,32.449
2025-11-19,gas,CAL26,32.597
2025-11-20,gas,CAL26,31.59
2025-11-23,gas,CAL26,31.342
2025-11-24,gas,CAL26,31.039
2025-11-25,gas,CAL26,31.2
2025-11-26,gas,CAL26,30.867
2025-11-27,gas,CAL26,30.597
2025-11-30,gas,CAL26,30.09
2025-12-01,gas,CAL26,29.988
2025-12-02,gas,CAL26,30.395
2025-12-03,gas,CAL26,29.433
2025-12-04,gas,CAL26,29.672
2025-12-07,gas,CAL26,29.17
2025-12-08,gas,CAL26,29.699
2025-12-09,gas,CAL26,28.889
2025-12-10,gas,CAL26,28.986
2025-12-11,gas,CAL26,29.645
2025-12-14,gas,CAL26,29.389
2025-12-15,gas,CAL26,28.743
2025-12-16,gas,CAL26,29.225
2025-12-17,gas,CAL26,29.417
2025-12-18,gas,CAL26,29.839
2025-12-21,gas,CAL26,29.641
2025-12-22,gas,CAL26,29.678
2025-12-23,gas,CAL26,30.065
2025-12-28,gas,CAL26,30.264
2025-12-30,gas,CAL26,28.705
2026-01-01,gas,CAL27,28.971
2026-01-04,gas,CAL27,28.161
2026-01-05,gas,CAL27,28.37
2026-01-06,gas,CAL27,28.43
2026-01-07,gas,CAL27,27.848
2026-01-08,gas,CAL27,27.775
2026-01-11,gas,CAL27,28.084
2026-01-12,gas,CAL27,28.222
2026-01-13,gas,CAL27,27.991
2026-01-14,gas,CAL27,28.073
2026-01-15,gas,CAL27,28.683
2026-01-18,gas,CAL27,28.51
2026-01-19,gas,CAL27,29.164
2026-01-20,gas,CAL27,29.929
2026-01-21,gas,CAL27,29.601
2026-01-22,gas,CAL27,29.464
2026-01-25,gas,CAL27,28.813
2026-01-26,gas,CAL27,28.738
2026-01-27,gas,CAL27,29.193
2026-01-28,gas,CAL27,30.251
2026-01-29,gas,CAL27,30.71
2026-02-01,gas,CAL27,29.541
2026-02-02,gas,CAL27,29.169
2026-02-03,gas,CAL27,29.607
2026-02-04,gas,CAL27,29.445
2026-02-05,gas,CAL27,30.055
2026-02-08,gas,CAL27,29.813
2026-02-09,gas,CAL27,29.397
2026-02-10,gas,CAL27,29.419
2026-02-11,gas,CAL27,29.885
2026-02-12,gas,CAL27,29.795
2026-02-15,gas,CAL27,29.404
2026-02-16,gas,CAL27,29.143
2026-02-17,gas,CAL27,29.718
2026-02-18,gas,CAL27,30.786
2026-02-19,gas,CAL27,30.364
2026-02-22,gas,CAL27,30.466
2026-02-23,gas,CAL27,29.998
2026-02-24,gas,CAL27,29.937
2026-02-25,gas,CAL27,30.324
2026-02-26,gas,CAL27,30.229
2026-03-01,gas,CAL27,32.145
2026-03-02,gas,CAL27,34.906
2026-03-03,gas,CAL27,33.557
2026-03-04,gas,CAL27,34.961
2026-03-05,gas,CAL27,38.837
2026-03-08,gas,CAL27,42.052
2026-03-09,gas,CAL27,38.048
2026-03-10,gas,CAL27,38.974
2026-03-11,gas,CAL27,40.026
2026-03-12,gas,CAL27,40.081
2026-03-15,gas,CAL27,40.895
2026-03-16,gas,CAL27,40.688
2026-03-17,gas,CAL27,42.15
2026-03-18,gas,CAL27,49.534
2026-03-19,gas,CAL27,48.54
2026-03-22,gas,CAL27,48.344
2026-03-23,gas,CAL27,46.617
2026-03-24,gas,CAL27,45.732
2026-03-25,gas,CAL27,47.275
2026-03-26,gas,CAL27,47.145
2026-03-29,gas,CAL27,47.391
2026-03-30,gas,CAL27,44.366
2026-03-31,gas,CAL27,42.093
2026-04-01,gas,CAL27,43.338
2026-04-06,gas,CAL27,44.838
2026-04-07,gas,CAL27,40.153
2026-04-08,gas,CAL27,40.266
2026-04-09,gas,CAL27,38.324
2026-04-12,gas,CAL27,39.732
2026-04-13,gas,CAL27,37.857
2026-04-14,gas,CAL27,37.119
2026-04-15,gas,CAL27,38.229
2026-04-16,gas,CAL27,36.247
2026-04-19,gas,CAL27,37.039
2026-04-20,gas,CAL27,37.785
2026-04-21,gas,CAL27,39.158
2026-04-22,gas,CAL27,39.573
2026-04-23,gas,CAL27,40.138
2026-04-26,gas,CAL27,40.138
2026-04-27,gas,CAL27,39.197
2026-04-28,gas,CAL27,41.041
2026-04-29,gas,CAL27,40.25
2026-05-03,gas,CAL27,41.385
2026-05-04,gas,CAL27,40.763
2026-05-05,gas,CAL27,38.939
2026-05-06,gas,CAL27,38.791
2026-05-07,gas,CAL27,39.175
2026-05-10,gas,CAL27,40.322
2026-05-11,gas,CAL27,40.225
2026-05-12,gas,CAL27,40.238
2026-05-13,gas,CAL27,39.705
2026-05-14,gas,CAL27,40.88
2026-05-17,gas,CAL27,41.138
2026-05-18,gas,CAL27,41.376
2026-05-19,gas,CAL27,40.651
2026-05-20,gas,CAL27,40.502
2026-05-21,gas,CAL27,40.361
2026-05-24,gas,CAL27,38.701
2026-05-25,gas,CAL27,39.817
2026-05-26,gas,CAL27,39.538
2026-05-27,gas,CAL27,39.611
2026-05-28,gas,CAL27,38.984
2026-05-31,gas,CAL27,40.356
2026-06-01,gas,CAL27,39.787
2026-06-02,gas,CAL27,40.215
2026-06-03,gas,CAL27,40.103
2026-06-04,gas,CAL27,40.143
2026-06-07,gas,CAL27,40.645
2026-06-08,gas,CAL27,40.326
2026-06-09,gas,CAL27,40.928
2026-06-10,gas,CAL27,41.197
2026-06-11,gas,CAL27,39.958
2026-06-14,gas,CAL27,37.815
2026-06-15,gas,CAL27,37.39
2026-06-16,gas,CAL27,37.556
2026-06-17,gas,CAL27,37.042
2026-06-18,gas,CAL27,37.808
2026-06-21,gas,CAL27,37.733
2026-06-22,gas,CAL27,37.679
2026-06-23,gas,CAL27,37.119
2026-06-24,gas,CAL27,36.73
2026-06-25,gas,CAL27,36.728
2026-06-28,gas,CAL27,37.325
2026-06-29,gas,CAL27,37.663
2026-06-30,gas,CAL27,37.401
